date,provider,fuel_type,price_min,price_avg,station_count
2026-04-05,Circle K,petrol_95,1.864,1.864,
2026-04-05,Circle K,petrol_98,1.934,1.934,
2026-04-05,Circle K,diesel,2.044,2.044,
2026-04-05,Neste,petrol_95,1.837,1.837,
2026-04-05,Neste,petrol_98,1.907,1.907,
2026-04-05,Neste,diesel,2.027,2.027,
2026-04-05,Virši,petrol_95,1.847,1.847,
2026-04-05,Virši,petrol_98,1.917,1.917,
2026-04-05,Virši,diesel,2.027,2.027,
2026-04-05,VIADA,petrol_95,1.727,1.727,
2026-04-05,VIADA,petrol_98,1.832,1.832,
2026-04-05,VIADA,diesel,2.034,2.034,
2026-04-06,Circle K,petrol_95,1.864,1.864,85.0
2026-04-06,Circle K,petrol_98,1.934,1.934,85.0
2026-04-06,Circle K,diesel,2.044,2.044,85.0
2026-04-06,Circle K,diesel_plus,2.174,2.174,85.0
2026-04-06,Neste,petrol_95,1.837,1.837,70.0
2026-04-06,Neste,petrol_98,1.907,1.907,70.0
2026-04-06,Neste,diesel,2.027,2.027,70.0
2026-04-06,Neste,diesel_plus,2.157,2.157,70.0
2026-04-06,Virši,petrol_95,1.847,1.847,1.0
2026-04-06,Virši,petrol_98,1.917,1.917,1.0
2026-04-06,Virši,diesel,2.027,2.027,1.0
2026-04-06,VIADA,petrol_95,1.727,1.727,11.0
2026-04-06,VIADA,petrol_98,1.832,1.832,11.0
2026-04-06,VIADA,diesel,2.034,2.034,11.0
2026-04-06,VIADA,cng,0.995,0.995,11.0
2026-04-07,Circle K,petrol_95,1.914,1.914,85.0
2026-04-07,Circle K,petrol_98,1.984,1.984,85.0
2026-04-07,Circle K,diesel,2.214,2.214,85.0
2026-04-07,Circle K,diesel_plus,2.344,2.344,85.0
2026-04-07,Neste,petrol_95,1.837,1.837,70.0
2026-04-07,Neste,petrol_98,1.907,1.907,70.0
2026-04-07,Neste,diesel,2.027,2.027,70.0
2026-04-07,Neste,diesel_plus,2.157,2.157,70.0
2026-04-07,Virši,petrol_95,1.897,1.897,1.0
2026-04-07,Virši,petrol_98,1.967,1.967,1.0
2026-04-07,Virši,diesel,2.197,2.197,1.0
2026-04-07,VIADA,petrol_95,1.727,1.727,11.0
2026-04-07,VIADA,petrol_98,1.832,1.832,11.0
2026-04-07,VIADA,diesel,2.034,2.034,11.0
2026-04-07,VIADA,cng,0.995,0.995,11.0
2026-04-08,Circle K,petrol_95,1.854,1.854,85.0
2026-04-08,Circle K,petrol_98,1.924,1.924,85.0
2026-04-08,Circle K,diesel,2.144,2.144,85.0
2026-04-08,Circle K,diesel_plus,2.274,2.274,85.0
2026-04-08,Neste,petrol_95,1.837,1.837,70.0
2026-04-08,Neste,petrol_98,1.907,1.907,70.0
2026-04-08,Neste,diesel,2.127,2.127,70.0
2026-04-08,Neste,diesel_plus,2.257,2.257,70.0
2026-04-08,Virši,petrol_95,1.854,1.854,1.0
2026-04-08,Virši,petrol_98,1.907,1.907,1.0
2026-04-08,Virši,diesel,2.147,2.147,1.0
2026-04-08,VIADA,petrol_95,1.727,1.727,11.0
2026-04-08,VIADA,petrol_98,1.832,1.832,11.0
2026-04-08,VIADA,diesel,2.154,2.154,11.0
2026-04-08,VIADA,cng,0.995,0.995,11.0
2026-04-09,Circle K,petrol_95,1.894,1.894,85.0
2026-04-09,Circle K,petrol_98,1.964,1.964,85.0
2026-04-09,Circle K,diesel,2.214,2.214,85.0
2026-04-09,Circle K,diesel_plus,2.344,2.344,85.0
2026-04-09,Neste,petrol_95,1.837,1.837,70.0
2026-04-09,Neste,petrol_98,1.907,1.907,70.0
2026-04-09,Neste,diesel,2.167,2.167,70.0
2026-04-09,Neste,diesel_plus,2.297,2.297,70.0
2026-04-09,Virši,petrol_95,1.854,1.854,1.0
2026-04-09,Virši,petrol_98,1.907,1.907,1.0
2026-04-09,Virši,diesel,2.147,2.147,1.0
2026-04-09,VIADA,petrol_95,1.727,1.727,11.0
2026-04-09,VIADA,petrol_98,1.832,1.832,11.0
2026-04-09,VIADA,diesel,2.134,2.134,11.0
2026-04-09,VIADA,cng,0.995,0.995,11.0
2026-04-10,Circle K,petrol_95,1.854,1.854,85.0
2026-04-10,Circle K,petrol_98,1.924,1.924,85.0
2026-04-10,Circle K,diesel,2.144,2.144,85.0
2026-04-10,Circle K,diesel_plus,2.274,2.274,85.0
2026-04-10,Neste,petrol_95,1.837,1.837,70.0
2026-04-10,Neste,petrol_98,1.907,1.907,70.0
2026-04-10,Neste,diesel,2.127,2.127,70.0
2026-04-10,Neste,diesel_plus,2.257,2.257,70.0
2026-04-10,Virši,petrol_95,1.854,1.854,1.0
2026-04-10,Virši,petrol_98,1.907,1.907,1.0
2026-04-10,Virši,diesel,2.147,2.147,1.0
2026-04-10,VIADA,petrol_95,1.727,1.727,11.0
2026-04-10,VIADA,petrol_98,1.832,1.832,11.0
2026-04-10,VIADA,diesel,2.134,2.134,11.0
2026-04-10,VIADA,cng,0.985,0.985,11.0
2026-04-11,VIADA,petrol_95,1.727,1.727,11.0
2026-04-11,VIADA,petrol_98,1.832,1.832,11.0
2026-04-11,VIADA,diesel,2.124,2.124,11.0
2026-04-11,VIADA,cng,0.985,0.985,11.0
2026-04-11,Circle K,petrol_95,1.844,1.844,85.0
2026-04-11,Circle K,petrol_98,1.914,1.914,85.0
2026-04-11,Circle K,diesel,2.134,2.134,85.0
2026-04-11,Circle K,diesel_plus,2.264,2.264,85.0
2026-04-11,Neste,petrol_95,1.827,1.827,70.0
2026-04-11,Neste,petrol_98,1.897,1.897,70.0
2026-04-11,Neste,diesel,2.117,2.117,70.0
2026-04-11,Neste,diesel_plus,2.247,2.247,70.0
2026-04-11,Virši,petrol_95,1.854,1.854,1.0
2026-04-11,Virši,petrol_98,1.907,1.907,1.0
2026-04-11,Virši,diesel,2.147,2.147,1.0
2026-04-12,Circle K,petrol_95,1.844,1.844,85.0
2026-04-12,Circle K,petrol_98,1.914,1.914,85.0
2026-04-12,Circle K,diesel,2.134,2.134,85.0
2026-04-12,Circle K,diesel_plus,2.264,2.264,85.0
2026-04-12,Neste,petrol_95,1.827,1.827,70.0
2026-04-12,Neste,petrol_98,1.897,1.897,70.0
2026-04-12,Neste,diesel,2.117,2.117,70.0
2026-04-12,Neste,diesel_plus,2.247,2.247,70.0
2026-04-12,Virši,petrol_95,1.854,1.854,1.0
2026-04-12,Virši,petrol_98,1.907,1.907,1.0
2026-04-12,Virši,diesel,2.147,2.147,1.0
2026-04-12,VIADA,petrol_95,1.727,1.727,11.0
2026-04-12,VIADA,petrol_98,1.832,1.832,11.0
2026-04-12,VIADA,diesel,2.124,2.124,11.0
2026-04-12,VIADA,cng,0.985,0.985,11.0
2026-04-13,Circle K,petrol_95,1.834,1.834,85.0
2026-04-13,Circle K,petrol_98,1.904,1.904,85.0
2026-04-13,Circle K,diesel,2.124,2.124,85.0
2026-04-13,Circle K,diesel_plus,2.254,2.254,85.0
2026-04-13,Neste,petrol_95,1.807,1.807,70.0
2026-04-13,Neste,petrol_98,1.877,1.877,70.0
2026-04-13,Neste,diesel,2.097,2.097,70.0
2026-04-13,Neste,diesel_plus,2.227,2.227,70.0
2026-04-13,Virši,petrol_95,1.854,1.854,1.0
2026-04-13,Virši,petrol_98,1.907,1.907,1.0
2026-04-13,Virši,diesel,2.147,2.147,1.0
2026-04-13,VIADA,petrol_95,1.727,1.727,11.0
2026-04-13,VIADA,petrol_98,1.832,1.832,11.0
2026-04-13,VIADA,diesel,2.094,2.094,11.0
2026-04-13,VIADA,cng,0.985,0.985,11.0
2026-04-14,Circle K,petrol_95,1.804,1.804,85.0
2026-04-14,Circle K,petrol_98,1.874,1.874,85.0
2026-04-14,Circle K,diesel,2.094,2.094,85.0
2026-04-14,Circle K,diesel_plus,2.224,2.224,85.0
2026-04-14,Neste,petrol_95,1.787,1.787,70.0
2026-04-14,Neste,petrol_98,1.857,1.857,70.0
2026-04-14,Neste,diesel,2.077,2.077,70.0
2026-04-14,Neste,diesel_plus,2.207,2.207,70.0
2026-04-14,Virši,petrol_95,1.817,1.817,1.0
2026-04-14,Virši,petrol_98,1.887,1.887,1.0
2026-04-14,Virši,diesel,2.117,2.117,1.0
2026-04-14,VIADA,petrol_95,1.727,1.727,11.0
2026-04-14,VIADA,petrol_98,1.832,1.832,11.0
2026-04-14,VIADA,diesel,2.084,2.084,11.0
2026-04-14,VIADA,cng,0.985,0.985,11.0
2026-04-15,Circle K,petrol_95,1.804,1.804,85.0
2026-04-15,Circle K,petrol_98,1.874,1.874,85.0
2026-04-15,Circle K,diesel,2.094,2.094,85.0
2026-04-15,Circle K,diesel_plus,2.224,2.224,85.0
2026-04-15,Neste,petrol_95,1.777,1.777,70.0
2026-04-15,Neste,petrol_98,1.847,1.847,70.0
2026-04-15,Neste,diesel,2.067,2.067,70.0
2026-04-15,Neste,diesel_plus,2.197,2.197,70.0
2026-04-15,Virši,petrol_95,1.817,1.817,1.0
2026-04-15,Virši,petrol_98,1.887,1.887,1.0
2026-04-15,Virši,diesel,2.117,2.117,1.0
2026-04-15,VIADA,petrol_95,1.727,1.727,11.0
2026-04-15,VIADA,petrol_98,1.832,1.832,11.0
2026-04-15,VIADA,diesel,2.084,2.084,11.0
2026-04-15,VIADA,cng,0.985,0.985,11.0
2026-04-16,Circle K,petrol_95,1.804,1.804,85.0
2026-04-16,Circle K,petrol_98,1.874,1.874,85.0
2026-04-16,Circle K,diesel,2.094,2.094,85.0
2026-04-16,Circle K,diesel_plus,2.224,2.224,85.0
2026-04-16,Neste,petrol_95,1.777,1.777,70.0
2026-04-16,Neste,petrol_98,1.847,1.847,70.0
2026-04-16,Neste,diesel,2.067,2.067,70.0
2026-04-16,Neste,diesel_plus,2.197,2.197,70.0
2026-04-16,Virši,petrol_95,1.777,1.777,1.0
2026-04-16,Virši,petrol_98,1.847,1.847,1.0
2026-04-16,Virši,diesel,2.067,2.067,1.0
2026-04-16,VIADA,petrol_95,1.727,1.727,11.0
2026-04-16,VIADA,petrol_98,1.832,1.832,11.0
2026-04-16,VIADA,diesel,2.074,2.074,11.0
2026-04-16,VIADA,cng,0.985,0.985,11.0
2026-04-17,Circle K,petrol_95,1.784,1.784,85.0
2026-04-17,Circle K,petrol_98,1.854,1.854,85.0
2026-04-17,Circle K,diesel,2.054,2.054,85.0
2026-04-17,Circle K,diesel_plus,2.184,2.184,85.0
2026-04-17,Neste,petrol_95,1.767,1.767,70.0
2026-04-17,Neste,petrol_98,1.837,1.837,70.0
2026-04-17,Neste,diesel,2.037,2.037,70.0
2026-04-17,Neste,diesel_plus,2.167,2.167,70.0
2026-04-17,Virši,petrol_95,1.777,1.777,1.0
2026-04-17,Virši,petrol_98,1.847,1.847,1.0
2026-04-17,Virši,diesel,2.067,2.067,1.0
2026-04-17,VIADA,petrol_95,1.707,1.707,11.0
2026-04-17,VIADA,petrol_98,1.812,1.812,11.0
2026-04-17,VIADA,diesel,2.044,2.044,11.0
2026-04-17,VIADA,cng,0.985,0.985,11.0
2026-04-18,Circle K,petrol_95,1.784,1.784,85.0
2026-04-18,Circle K,petrol_98,1.854,1.854,85.0
2026-04-18,Circle K,diesel,2.054,2.054,85.0
2026-04-18,Circle K,diesel_plus,2.184,2.184,85.0
2026-04-18,Neste,petrol_95,1.767,1.767,70.0
2026-04-18,Neste,petrol_98,1.837,1.837,70.0
2026-04-18,Neste,diesel,2.037,2.037,70.0
2026-04-18,Neste,diesel_plus,2.167,2.167,70.0
2026-04-18,Virši,petrol_95,1.767,1.767,1.0
2026-04-18,Virši,petrol_98,1.837,1.837,1.0
2026-04-18,Virši,diesel,2.037,2.037,1.0
2026-04-18,VIADA,petrol_95,1.707,1.707,11.0
2026-04-18,VIADA,petrol_98,1.812,1.812,11.0
2026-04-18,VIADA,diesel,2.044,2.044,11.0
2026-04-18,VIADA,cng,0.985,0.985,11.0
2026-04-19,Circle K,petrol_95,1.784,1.784,85.0
2026-04-19,Circle K,petrol_98,1.854,1.854,85.0
2026-04-19,Circle K,diesel,2.054,2.054,85.0
2026-04-19,Circle K,diesel_plus,2.184,2.184,85.0
2026-04-19,Neste,petrol_95,1.767,1.767,70.0
2026-04-19,Neste,petrol_98,1.837,1.837,70.0
2026-04-19,Neste,diesel,2.037,2.037,70.0
2026-04-19,Neste,diesel_plus,2.167,2.167,70.0
2026-04-19,Virši,petrol_95,1.767,1.767,1.0
2026-04-19,Virši,petrol_98,1.837,1.837,1.0
2026-04-19,Virši,diesel,2.037,2.037,1.0
2026-04-19,VIADA,petrol_95,1.707,1.707,11.0
2026-04-19,VIADA,petrol_98,1.812,1.812,11.0
2026-04-19,VIADA,diesel,2.034,2.034,11.0
2026-04-19,VIADA,cng,0.985,0.985,11.0
2026-04-20,Circle K,petrol_95,1.774,1.774,85.0
2026-04-20,Circle K,petrol_98,1.844,1.844,85.0
2026-04-20,Circle K,diesel,2.034,2.034,85.0
2026-04-20,Circle K,diesel_plus,2.164,2.164,85.0
2026-04-20,Neste,petrol_95,1.767,1.767,70.0
2026-04-20,Neste,petrol_98,1.837,1.837,70.0
2026-04-20,Neste,diesel,1.967,1.967,70.0
2026-04-20,Neste,diesel_plus,2.097,2.097,70.0
2026-04-20,Virši,petrol_95,1.767,1.767,1.0
2026-04-20,Virši,petrol_98,1.837,1.837,1.0
2026-04-20,Virši,diesel,2.037,2.037,1.0
2026-04-20,VIADA,petrol_95,1.707,1.707,11.0
2026-04-20,VIADA,petrol_98,1.812,1.812,11.0
2026-04-20,VIADA,diesel,2.034,2.034,11.0
2026-04-20,VIADA,cng,0.985,0.985,11.0
2026-04-21,Circle K,petrol_95,1.734,1.734,85.0
2026-04-21,Circle K,petrol_98,1.804,1.804,85.0
2026-04-21,Circle K,diesel,1.904,1.904,85.0
2026-04-21,Circle K,diesel_plus,2.034,2.034,85.0
2026-04-21,Neste,petrol_95,1.717,1.717,70.0
2026-04-21,Neste,petrol_98,1.777,1.777,70.0
2026-04-21,Neste,diesel,1.887,1.887,70.0
2026-04-21,Neste,diesel_plus,1.997,1.997,70.0
2026-04-21,Virši,petrol_95,1.717,1.717,1.0
2026-04-21,Virši,petrol_98,1.787,1.787,1.0
2026-04-21,Virši,diesel,1.897,1.897,1.0
2026-04-21,VIADA,petrol_95,1.707,1.707,11.0
2026-04-21,VIADA,petrol_98,1.812,1.812,11.0
2026-04-21,VIADA,diesel,1.974,1.974,11.0
2026-04-21,VIADA,cng,0.985,0.985,11.0
2026-04-22,Circle K,petrol_95,1.774,1.774,85.0
2026-04-22,Circle K,petrol_98,1.844,1.844,85.0
2026-04-22,Circle K,diesel,1.947,1.947,85.0
2026-04-22,Circle K,diesel_plus,2.077,2.077,85.0
2026-04-22,Neste,petrol_95,1.757,1.757,70.0
2026-04-22,Neste,petrol_98,1.827,1.827,70.0
2026-04-22,Neste,diesel,1.917,1.917,70.0
2026-04-22,Neste,diesel_plus,2.047,2.047,70.0
2026-04-22,Virši,petrol_95,1.787,1.787,1.0
2026-04-22,Virši,petrol_98,1.857,1.857,1.0
2026-04-22,Virši,diesel,1.947,1.947,1.0
2026-04-22,VIADA,petrol_95,1.707,1.707,11.0
2026-04-22,VIADA,petrol_98,1.812,1.812,11.0
2026-04-22,VIADA,diesel,1.954,1.954,11.0
2026-04-22,VIADA,cng,0.985,0.985,11.0
2026-04-23,Circle K,petrol_95,1.764,1.764,85.0
2026-04-23,Circle K,petrol_98,1.834,1.834,85.0
2026-04-23,Circle K,diesel,1.927,1.927,85.0
2026-04-23,Circle K,diesel_plus,2.057,2.057,85.0
2026-04-23,Neste,petrol_95,1.757,1.757,70.0
2026-04-23,Neste,petrol_98,1.827,1.827,70.0
2026-04-23,Neste,diesel,1.917,1.917,70.0
2026-04-23,Neste,diesel_plus,2.047,2.047,70.0
2026-04-23,Virši,petrol_95,1.757,1.757,1.0
2026-04-23,Virši,petrol_98,1.844,1.844,1.0
2026-04-23,Virši,diesel,1.934,1.934,1.0
2026-04-23,VIADA,petrol_95,1.707,1.707,11.0
2026-04-23,VIADA,petrol_98,1.812,1.812,11.0
2026-04-23,VIADA,diesel,1.924,1.924,11.0
2026-04-23,VIADA,cng,0.985,0.985,11.0
2026-04-24,Circle K,petrol_95,1.764,1.764,85.0
2026-04-24,Circle K,petrol_98,1.834,1.834,85.0
2026-04-24,Circle K,diesel,1.894,1.894,85.0
2026-04-24,Circle K,diesel_plus,2.024,2.024,85.0
2026-04-24,Neste,petrol_95,1.757,1.757,70.0
2026-04-24,Neste,petrol_98,1.827,1.827,70.0
2026-04-24,Neste,diesel,1.887,1.887,70.0
2026-04-24,Neste,diesel_plus,2.017,2.017,70.0
2026-04-24,Virši,petrol_95,1.774,1.774,1.0
2026-04-24,Virši,petrol_98,1.844,1.844,1.0
2026-04-24,Virši,diesel,1.904,1.904,1.0
2026-04-24,VIADA,petrol_95,1.707,1.707,11.0
2026-04-24,VIADA,petrol_98,1.812,1.812,11.0
2026-04-24,VIADA,diesel,1.894,1.894,11.0
2026-04-24,VIADA,cng,0.985,0.985,11.0
2026-04-25,Circle K,petrol_95,1.764,1.764,85.0
2026-04-25,Circle K,petrol_98,1.834,1.834,85.0
2026-04-25,Circle K,diesel,1.894,1.894,85.0
2026-04-25,Circle K,diesel_plus,2.024,2.024,85.0
2026-04-25,Neste,petrol_95,1.757,1.757,70.0
2026-04-25,Neste,petrol_98,1.827,1.827,70.0
2026-04-25,Neste,diesel,1.887,1.887,70.0
2026-04-25,Neste,diesel_plus,2.017,2.017,70.0
2026-04-25,Virši,petrol_95,1.774,1.774,1.0
2026-04-25,Virši,petrol_98,1.844,1.844,1.0
2026-04-25,Virši,diesel,1.904,1.904,1.0
2026-04-25,VIADA,petrol_95,1.707,1.707,11.0
2026-04-25,VIADA,petrol_98,1.812,1.812,11.0
2026-04-25,VIADA,diesel,1.894,1.894,11.0
2026-04-25,VIADA,cng,0.985,0.985,11.0
2026-04-26,Circle K,petrol_95,1.764,1.764,85.0
2026-04-26,Circle K,petrol_98,1.834,1.834,85.0
2026-04-26,Circle K,diesel,1.894,1.894,85.0
2026-04-26,Circle K,diesel_plus,2.024,2.024,85.0
2026-04-26,Neste,petrol_95,1.757,1.757,70.0
2026-04-26,Neste,petrol_98,1.827,1.827,70.0
2026-04-26,Neste,diesel,1.887,1.887,70.0
2026-04-26,Neste,diesel_plus,2.017,2.017,70.0
2026-04-26,Virši,petrol_95,1.774,1.774,1.0
2026-04-26,Virši,petrol_98,1.844,1.844,1.0
2026-04-26,Virši,diesel,1.904,1.904,1.0
2026-04-26,VIADA,petrol_95,1.707,1.707,11.0
2026-04-26,VIADA,petrol_98,1.812,1.812,11.0
2026-04-26,VIADA,diesel,1.894,1.894,11.0
2026-04-26,VIADA,cng,0.985,0.985,11.0
2026-04-27,Circle K,petrol_95,1.764,1.764,85.0
2026-04-27,Circle K,petrol_98,1.834,1.834,85.0
2026-04-27,Circle K,diesel,1.894,1.894,85.0
2026-04-27,Circle K,diesel_plus,2.024,2.024,85.0
2026-04-27,Neste,petrol_95,1.757,1.757,70.0
2026-04-27,Neste,petrol_98,1.827,1.827,70.0
2026-04-27,Neste,diesel,1.887,1.887,70.0
2026-04-27,Neste,diesel_plus,2.017,2.017,70.0
2026-04-27,Virši,petrol_95,1.774,1.774,1.0
2026-04-27,Virši,petrol_98,1.844,1.844,1.0
2026-04-27,Virši,diesel,1.904,1.904,1.0
2026-04-27,VIADA,petrol_95,1.707,1.707,11.0
2026-04-27,VIADA,petrol_98,1.812,1.812,11.0
2026-04-27,VIADA,diesel,1.894,1.894,11.0
2026-04-27,VIADA,cng,0.985,0.985,11.0
2026-04-28,Circle K,petrol_95,1.764,1.764,85.0
2026-04-28,Circle K,petrol_98,1.834,1.834,85.0
2026-04-28,Circle K,diesel,1.894,1.894,85.0
2026-04-28,Circle K,diesel_plus,2.024,2.024,85.0
2026-04-28,Neste,petrol_95,1.757,1.757,70.0
2026-04-28,Neste,petrol_98,1.827,1.827,70.0
2026-04-28,Neste,diesel,1.887,1.887,70.0
2026-04-28,Neste,diesel_plus,2.017,2.017,70.0
2026-04-28,Virši,petrol_95,1.774,1.774,1.0
2026-04-28,Virši,petrol_98,1.844,1.844,1.0
2026-04-28,Virši,diesel,1.924,1.924,1.0
2026-04-28,VIADA,petrol_95,1.687,1.687,11.0
2026-04-28,VIADA,petrol_98,1.792,1.792,11.0
2026-04-28,VIADA,diesel,1.894,1.894,11.0
2026-04-28,VIADA,cng,0.985,0.985,11.0
2026-04-29,Circle K,petrol_95,1.734,1.734,85.0
2026-04-29,Circle K,petrol_98,1.804,1.804,85.0
2026-04-29,Circle K,diesel,1.894,1.894,85.0
2026-04-29,Circle K,diesel_plus,2.024,2.024,85.0
2026-04-29,Neste,petrol_95,1.717,1.717,70.0
2026-04-29,Neste,petrol_98,1.787,1.787,70.0
2026-04-29,Neste,diesel,1.877,1.877,70.0
2026-04-29,Neste,diesel_plus,1.997,1.997,70.0
2026-04-29,Virši,petrol_95,1.717,1.717,1.0
2026-04-29,Virši,petrol_98,1.787,1.787,1.0
2026-04-29,Virši,diesel,1.877,1.877,1.0
2026-04-29,VIADA,petrol_95,1.687,1.687,11.0
2026-04-29,VIADA,petrol_98,1.792,1.792,11.0
2026-04-29,VIADA,diesel,1.904,1.904,11.0
2026-04-29,VIADA,cng,0.985,0.985,11.0
2026-04-30,Circle K,petrol_95,1.814,1.814,85.0
2026-04-30,Circle K,petrol_98,1.884,1.884,85.0
2026-04-30,Circle K,diesel,1.954,1.954,85.0
2026-04-30,Circle K,diesel_plus,2.084,2.084,85.0
2026-04-30,Neste,petrol_95,1.767,1.767,70.0
2026-04-30,Neste,petrol_98,1.837,1.837,70.0
2026-04-30,Neste,diesel,1.907,1.907,70.0
2026-04-30,Neste,diesel_plus,2.037,2.037,70.0
2026-04-30,Virši,petrol_95,1.797,1.797,1.0
2026-04-30,Virši,petrol_98,1.897,1.897,1.0
2026-04-30,Virši,diesel,1.867,1.867,1.0
2026-04-30,VIADA,petrol_95,1.687,1.687,11.0
2026-04-30,VIADA,petrol_98,1.792,1.792,11.0
2026-04-30,VIADA,diesel,1.907,1.907,11.0
2026-04-30,VIADA,cng,0.985,0.985,11.0
2026-05-01,Circle K,petrol_95,1.814,1.814,85.0
2026-05-01,Circle K,petrol_98,1.884,1.884,85.0
2026-05-01,Circle K,diesel,1.954,1.954,85.0
2026-05-01,Circle K,diesel_plus,2.084,2.084,85.0
2026-05-01,Neste,petrol_95,1.767,1.767,70.0
2026-05-01,Neste,petrol_98,1.837,1.837,70.0
2026-05-01,Neste,diesel,1.907,1.907,70.0
2026-05-01,Neste,diesel_plus,2.037,2.037,70.0
2026-05-01,Virši,petrol_95,1.797,1.797,1.0
2026-05-01,Virši,petrol_98,1.897,1.897,1.0
2026-05-01,Virši,diesel,1.867,1.867,1.0
2026-05-01,VIADA,petrol_95,1.687,1.687,11.0
2026-05-01,VIADA,petrol_98,1.792,1.792,11.0
2026-05-01,VIADA,diesel,1.917,1.917,11.0
2026-05-01,VIADA,cng,0.985,0.985,11.0
2026-05-02,Circle K,petrol_95,1.814,1.814,85.0
2026-05-02,Circle K,petrol_98,1.884,1.884,85.0
2026-05-02,Circle K,diesel,1.954,1.954,85.0
2026-05-02,Circle K,diesel_plus,2.084,2.084,85.0
2026-05-02,Neste,petrol_95,1.767,1.767,70.0
2026-05-02,Neste,petrol_98,1.837,1.837,70.0
2026-05-02,Neste,diesel,1.907,1.907,70.0
2026-05-02,Neste,diesel_plus,2.037,2.037,70.0
2026-05-02,Virši,petrol_95,1.797,1.797,1.0
2026-05-02,Virši,petrol_98,1.897,1.897,1.0
2026-05-02,Virši,diesel,1.867,1.867,1.0
2026-05-02,VIADA,petrol_95,1.687,1.687,11.0
2026-05-02,VIADA,petrol_98,1.792,1.792,11.0
2026-05-02,VIADA,diesel,1.917,1.917,11.0
2026-05-02,VIADA,cng,0.985,0.985,11.0
2026-05-03,Circle K,petrol_95,1.814,1.814,85.0
2026-05-03,Circle K,petrol_98,1.884,1.884,85.0
2026-05-03,Circle K,diesel,1.954,1.954,85.0
2026-05-03,Circle K,diesel_plus,2.084,2.084,85.0
2026-05-03,Neste,petrol_95,1.767,1.767,70.0
2026-05-03,Neste,petrol_98,1.837,1.837,70.0
2026-05-03,Neste,diesel,1.907,1.907,70.0
2026-05-03,Neste,diesel_plus,2.037,2.037,70.0
2026-05-03,Virši,petrol_95,1.797,1.797,1.0
2026-05-03,Virši,petrol_98,1.897,1.897,1.0
2026-05-03,Virši,diesel,1.867,1.867,1.0
2026-05-03,VIADA,petrol_95,1.717,1.717,11.0
2026-05-03,VIADA,petrol_98,1.822,1.822,11.0
2026-05-03,VIADA,diesel,1.917,1.917,11.0
2026-05-03,VIADA,cng,0.985,0.985,11.0
2026-05-04,Circle K,petrol_95,1.814,1.814,85.0
2026-05-04,Circle K,petrol_98,1.884,1.884,85.0
2026-05-04,Circle K,diesel,1.954,1.954,85.0
2026-05-04,Circle K,diesel_plus,2.084,2.084,85.0
2026-05-04,Neste,petrol_95,1.767,1.767,70.0
2026-05-04,Neste,petrol_98,1.837,1.837,70.0
2026-05-04,Neste,diesel,1.907,1.907,70.0
2026-05-04,Neste,diesel_plus,2.037,2.037,70.0
2026-05-04,Virši,petrol_95,1.797,1.797,1.0
2026-05-04,Virši,petrol_98,1.897,1.897,1.0
2026-05-04,Virši,diesel,1.867,1.867,1.0
2026-05-04,VIADA,petrol_95,1.717,1.717,11.0
2026-05-04,VIADA,petrol_98,1.822,1.822,11.0
2026-05-04,VIADA,diesel,1.917,1.917,11.0
2026-05-04,VIADA,cng,0.985,0.985,11.0
2026-05-05,Circle K,petrol_95,1.814,1.814,85.0
2026-05-05,Circle K,petrol_98,1.884,1.884,85.0
2026-05-05,Circle K,diesel,1.954,1.954,85.0
2026-05-05,Circle K,diesel_plus,2.084,2.084,85.0
2026-05-05,Neste,petrol_95,1.797,1.797,70.0
2026-05-05,Neste,petrol_98,1.867,1.867,70.0
2026-05-05,Neste,diesel,1.937,1.937,70.0
2026-05-05,Neste,diesel_plus,2.067,2.067,70.0
2026-05-05,Virši,petrol_95,1.797,1.797,1.0
2026-05-05,Virši,petrol_98,1.897,1.897,1.0
2026-05-05,Virši,diesel,1.867,1.867,1.0
2026-05-05,VIADA,petrol_95,1.717,1.717,11.0
2026-05-05,VIADA,petrol_98,1.822,1.822,11.0
2026-05-05,VIADA,diesel,1.917,1.917,11.0
2026-05-05,VIADA,cng,0.985,0.985,11.0
2026-05-06,Circle K,petrol_95,1.774,1.774,85.0
2026-05-06,Circle K,petrol_98,1.884,1.884,85.0
2026-05-06,Circle K,diesel,1.904,1.904,85.0
2026-05-06,Circle K,diesel_plus,2.034,2.034,85.0
2026-05-06,Neste,petrol_95,1.717,1.717,70.0
2026-05-06,Neste,petrol_98,1.777,1.777,70.0
2026-05-06,Neste,diesel,1.887,1.887,70.0
2026-05-06,Neste,diesel_plus,1.997,1.997,70.0
2026-05-06,Virši,petrol_95,1.717,1.717,1.0
2026-05-06,Virši,petrol_98,1.787,1.787,1.0
2026-05-06,Virši,diesel,1.887,1.887,1.0
2026-05-06,VIADA,petrol_95,1.747,1.747,11.0
2026-05-06,VIADA,petrol_98,1.852,1.852,11.0
2026-05-06,VIADA,diesel,1.947,1.947,11.0
2026-05-06,VIADA,cng,0.985,0.985,11.0
2026-05-07,Circle K,petrol_95,1.774,1.774,85.0
2026-05-07,Circle K,petrol_98,1.884,1.884,85.0
2026-05-07,Circle K,diesel,1.904,1.904,85.0
2026-05-07,Circle K,diesel_plus,2.034,2.034,85.0
2026-05-07,Neste,petrol_95,1.797,1.797,70.0
2026-05-07,Neste,petrol_98,1.867,1.867,70.0
2026-05-07,Neste,diesel,1.937,1.937,70.0
2026-05-07,Neste,diesel_plus,2.067,2.067,70.0
2026-05-07,Virši,petrol_95,1.827,1.827,1.0
2026-05-07,Virši,petrol_98,1.897,1.897,1.0
2026-05-07,Virši,diesel,1.967,1.967,1.0
2026-05-07,VIADA,petrol_95,1.747,1.747,11.0
2026-05-07,VIADA,petrol_98,1.852,1.852,11.0
2026-05-07,VIADA,diesel,1.947,1.947,11.0
2026-05-07,VIADA,cng,0.985,0.985,11.0
2026-05-08,Circle K,petrol_95,1.814,1.814,85.0
2026-05-08,Circle K,petrol_98,1.884,1.884,85.0
2026-05-08,Circle K,diesel,1.954,1.954,85.0
2026-05-08,Circle K,diesel_plus,2.084,2.084,85.0
2026-05-08,Neste,petrol_95,1.797,1.797,70.0
2026-05-08,Neste,petrol_98,1.867,1.867,70.0
2026-05-08,Neste,diesel,1.937,1.937,70.0
2026-05-08,Neste,diesel_plus,2.067,2.067,70.0
2026-05-08,Virši,petrol_95,1.827,1.827,1.0
2026-05-08,Virši,petrol_98,1.897,1.897,1.0
2026-05-08,Virši,diesel,1.967,1.967,1.0
2026-05-08,VIADA,petrol_95,1.747,1.747,11.0
2026-05-08,VIADA,petrol_98,1.852,1.852,11.0
2026-05-08,VIADA,diesel,1.947,1.947,11.0
2026-05-08,VIADA,cng,0.945,0.945,11.0
2026-05-09,Circle K,petrol_95,1.814,1.814,85.0
2026-05-09,Circle K,petrol_98,1.884,1.884,85.0
2026-05-09,Circle K,diesel,1.954,1.954,85.0
2026-05-09,Circle K,diesel_plus,2.084,2.084,85.0
2026-05-09,Neste,petrol_95,1.797,1.797,70.0
2026-05-09,Neste,petrol_98,1.867,1.867,70.0
2026-05-09,Neste,diesel,1.937,1.937,70.0
2026-05-09,Neste,diesel_plus,2.067,2.067,70.0
2026-05-09,Virši,petrol_95,1.827,1.827,1.0
2026-05-09,Virši,petrol_98,1.897,1.897,1.0
2026-05-09,Virši,diesel,1.967,1.967,1.0
2026-05-09,VIADA,petrol_95,1.747,1.747,11.0
2026-05-09,VIADA,petrol_98,1.852,1.852,11.0
2026-05-09,VIADA,diesel,1.947,1.947,11.0
2026-05-09,VIADA,cng,0.945,0.945,11.0
2026-05-10,Circle K,petrol_95,1.814,1.814,85.0
2026-05-10,Circle K,petrol_98,1.884,1.884,85.0
2026-05-10,Circle K,diesel,1.954,1.954,85.0
2026-05-10,Circle K,diesel_plus,2.084,2.084,85.0
2026-05-10,Neste,petrol_95,1.797,1.797,70.0
2026-05-10,Neste,petrol_98,1.867,1.867,70.0
2026-05-10,Neste,diesel,1.937,1.937,70.0
2026-05-10,Neste,diesel_plus,2.067,2.067,70.0
2026-05-10,Virši,petrol_95,1.827,1.827,1.0
2026-05-10,Virši,petrol_98,1.897,1.897,1.0
2026-05-10,Virši,diesel,1.967,1.967,1.0
2026-05-10,VIADA,petrol_95,1.747,1.747,11.0
2026-05-10,VIADA,petrol_98,1.852,1.852,11.0
2026-05-10,VIADA,diesel,1.937,1.937,11.0
2026-05-10,VIADA,cng,0.945,0.945,11.0
2026-05-11,Circle K,petrol_95,1.814,1.814,85.0
2026-05-11,Circle K,petrol_98,1.884,1.884,85.0
2026-05-11,Circle K,diesel,1.954,1.954,85.0
2026-05-11,Circle K,diesel_plus,2.084,2.084,85.0
2026-05-11,Neste,petrol_95,1.847,1.847,70.0
2026-05-11,Neste,petrol_98,1.917,1.917,70.0
2026-05-11,Neste,diesel,1.937,1.937,70.0
2026-05-11,Neste,diesel_plus,2.067,2.067,70.0
2026-05-11,Virši,petrol_95,1.827,1.827,1.0
2026-05-11,Virši,petrol_98,1.897,1.897,1.0
2026-05-11,Virši,diesel,1.967,1.967,1.0
2026-05-11,VIADA,petrol_95,1.747,1.747,11.0
2026-05-11,VIADA,petrol_98,1.852,1.852,11.0
2026-05-11,VIADA,diesel,1.937,1.937,11.0
2026-05-11,VIADA,cng,0.945,0.945,11.0
2026-05-12,Circle K,petrol_95,1.854,1.854,85.0
2026-05-12,Circle K,petrol_98,1.924,1.924,85.0
2026-05-12,Circle K,diesel,1.944,1.944,85.0
2026-05-12,Circle K,diesel_plus,2.074,2.074,85.0
2026-05-12,Neste,petrol_95,1.837,1.837,70.0
2026-05-12,Neste,petrol_98,1.907,1.907,70.0
2026-05-12,Neste,diesel,1.927,1.927,70.0
2026-05-12,Neste,diesel_plus,2.057,2.057,70.0
2026-05-12,Virši,petrol_95,1.827,1.827,1.0
2026-05-12,Virši,petrol_98,1.897,1.897,1.0
2026-05-12,Virši,diesel,1.967,1.967,1.0
2026-05-12,VIADA,petrol_95,1.767,1.767,11.0
2026-05-12,VIADA,petrol_98,1.872,1.872,11.0
2026-05-12,VIADA,diesel,1.937,1.937,11.0
2026-05-12,VIADA,cng,0.945,0.945,11.0
2026-05-13,Circle K,petrol_95,1.814,1.814,85.0
2026-05-13,Circle K,petrol_98,1.884,1.884,85.0
2026-05-13,Circle K,diesel,1.914,1.914,85.0
2026-05-13,Circle K,diesel_plus,2.044,2.044,85.0
2026-05-13,Neste,petrol_95,1.807,1.807,70.0
2026-05-13,Neste,petrol_98,1.877,1.877,70.0
2026-05-13,Neste,diesel,1.927,1.927,70.0
2026-05-13,Neste,diesel_plus,2.057,2.057,70.0
2026-05-13,Virši,petrol_95,1.877,1.877,1.0
2026-05-13,Virši,petrol_98,1.967,1.967,1.0
2026-05-13,Virši,diesel,1.967,1.967,1.0
2026-05-13,VIADA,petrol_95,1.767,1.767,11.0
2026-05-13,VIADA,petrol_98,1.872,1.872,11.0
2026-05-13,VIADA,diesel,1.937,1.937,11.0
2026-05-13,VIADA,cng,0.945,0.945,11.0
2026-05-14,Circle K,petrol_95,1.794,1.794,85.0
2026-05-14,Circle K,petrol_98,1.864,1.864,85.0
2026-05-14,Circle K,diesel,1.814,1.814,85.0
2026-05-14,Circle K,diesel_plus,1.944,1.944,85.0
2026-05-14,Neste,petrol_95,1.777,1.777,70.0
2026-05-14,Neste,petrol_98,1.847,1.847,70.0
2026-05-14,Neste,diesel,1.797,1.797,70.0
2026-05-14,Neste,diesel_plus,1.897,1.897,70.0
2026-05-14,Virši,petrol_95,1.777,1.777,1.0
2026-05-14,Virši,petrol_98,1.847,1.847,1.0
2026-05-14,Virši,diesel,1.797,1.797,1.0
2026-05-14,VIADA,petrol_95,1.767,1.767,11.0
2026-05-14,VIADA,petrol_98,1.872,1.872,11.0
2026-05-14,VIADA,diesel,1.807,1.807,11.0
2026-05-14,VIADA,cng,0.945,0.945,11.0
2026-05-15,Circle K,petrol_95,1.834,1.834,85.0
2026-05-15,Circle K,petrol_98,1.904,1.904,85.0
2026-05-15,Circle K,diesel,1.884,1.884,85.0
2026-05-15,Circle K,diesel_plus,2.014,2.014,85.0
2026-05-15,Neste,petrol_95,1.817,1.817,70.0
2026-05-15,Neste,petrol_98,1.887,1.887,70.0
2026-05-15,Neste,diesel,1.867,1.867,70.0
2026-05-15,Neste,diesel_plus,1.997,1.997,70.0
2026-05-15,Virši,petrol_95,1.897,1.897,1.0
2026-05-15,Virši,petrol_98,1.967,1.967,1.0
2026-05-15,Virši,diesel,1.897,1.897,1.0
2026-05-15,VIADA,petrol_95,1.767,1.767,11.0
2026-05-15,VIADA,petrol_98,1.872,1.872,11.0
2026-05-15,VIADA,diesel,1.894,1.894,11.0
2026-05-15,VIADA,cng,0.945,0.945,11.0
2026-05-16,Circle K,petrol_95,1.834,1.834,85.0
2026-05-16,Circle K,petrol_98,1.904,1.904,85.0
2026-05-16,Circle K,diesel,1.884,1.884,85.0
2026-05-16,Circle K,diesel_plus,2.014,2.014,85.0
2026-05-16,Neste,petrol_95,1.817,1.817,70.0
2026-05-16,Neste,petrol_98,1.887,1.887,70.0
2026-05-16,Neste,diesel,1.867,1.867,70.0
2026-05-16,Neste,diesel_plus,1.997,1.997,70.0
2026-05-16,Virši,petrol_95,1.897,1.897,1.0
2026-05-16,Virši,petrol_98,1.967,1.967,1.0
2026-05-16,Virši,diesel,1.897,1.897,1.0
2026-05-16,VIADA,petrol_95,1.767,1.767,11.0
2026-05-16,VIADA,petrol_98,1.872,1.872,11.0
2026-05-16,VIADA,diesel,1.874,1.874,11.0
2026-05-16,VIADA,cng,0.945,0.945,11.0
2026-05-17,Circle K,petrol_95,1.834,1.834,85.0
2026-05-17,Circle K,petrol_98,1.904,1.904,85.0
2026-05-17,Circle K,diesel,1.884,1.884,85.0
2026-05-17,Circle K,diesel_plus,2.014,2.014,85.0
2026-05-17,Neste,petrol_95,1.817,1.817,70.0
2026-05-17,Neste,petrol_98,1.887,1.887,70.0
2026-05-17,Neste,diesel,1.867,1.867,70.0
2026-05-17,Neste,diesel_plus,1.997,1.997,70.0
2026-05-17,Virši,petrol_95,1.897,1.897,1.0
2026-05-17,Virši,petrol_98,1.967,1.967,1.0
2026-05-17,Virši,diesel,1.897,1.897,1.0
2026-05-17,VIADA,petrol_95,1.767,1.767,11.0
2026-05-17,VIADA,petrol_98,1.872,1.872,11.0
2026-05-17,VIADA,diesel,1.874,1.874,11.0
2026-05-17,VIADA,cng,0.945,0.945,11.0
2026-05-18,Circle K,petrol_95,1.864,1.864,85.0
2026-05-18,Circle K,petrol_98,1.934,1.934,85.0
2026-05-18,Circle K,diesel,1.904,1.904,85.0
2026-05-18,Circle K,diesel_plus,2.034,2.034,85.0
2026-05-18,Neste,petrol_95,1.847,1.847,70.0
2026-05-18,Neste,petrol_98,1.917,1.917,70.0
2026-05-18,Neste,diesel,1.887,1.887,70.0
2026-05-18,Neste,diesel_plus,2.017,2.017,70.0
2026-05-18,Virši,petrol_95,1.897,1.897,1.0
2026-05-18,Virši,petrol_98,1.967,1.967,1.0
2026-05-18,Virši,diesel,1.897,1.897,1.0
2026-05-18,VIADA,petrol_95,1.767,1.767,11.0
2026-05-18,VIADA,petrol_98,1.872,1.872,11.0
2026-05-18,VIADA,diesel,1.874,1.874,11.0
2026-05-18,VIADA,cng,0.945,0.945,11.0
2026-05-19,Circle K,petrol_95,1.754,1.754,85.0
2026-05-19,Circle K,petrol_98,1.624,1.624,85.0
2026-05-19,Circle K,diesel,1.814,1.814,85.0
2026-05-19,Circle K,diesel_plus,1.944,1.944,85.0
2026-05-19,Neste,petrol_95,1.737,1.737,70.0
2026-05-19,Neste,petrol_98,1.797,1.797,70.0
2026-05-19,Neste,diesel,1.797,1.797,70.0
2026-05-19,Neste,diesel_plus,1.897,1.897,70.0
2026-05-19,Virši,petrol_95,1.754,1.754,84.0
2026-05-19,Virši,petrol_98,1.824,1.824,84.0
2026-05-19,Virši,diesel,1.814,1.814,84.0
2026-05-19,VIADA,petrol_95,1.767,1.767,11.0
2026-05-19,VIADA,petrol_98,1.872,1.872,11.0
2026-05-19,VIADA,diesel,1.894,1.894,11.0
2026-05-19,VIADA,cng,0.945,0.945,11.0
2026-05-20,Circle K,petrol_95,1.884,1.884,85.0
2026-05-20,Circle K,petrol_98,1.954,1.954,85.0
2026-05-20,Circle K,diesel,1.914,1.914,85.0
2026-05-20,Circle K,diesel_plus,2.044,2.044,85.0
2026-05-20,Neste,petrol_95,1.837,1.837,70.0
2026-05-20,Neste,petrol_98,1.907,1.907,70.0
2026-05-20,Neste,diesel,1.867,1.867,70.0
2026-05-20,Neste,diesel_plus,1.997,1.997,70.0
2026-05-20,Virši,petrol_95,1.867,1.867,1.0
2026-05-20,Virši,petrol_98,1.947,1.947,1.0
2026-05-20,Virši,diesel,1.897,1.897,1.0
2026-05-20,VIADA,petrol_95,1.767,1.767,11.0
2026-05-20,VIADA,petrol_98,1.872,1.872,11.0
2026-05-20,VIADA,diesel,1.894,1.894,11.0
2026-05-20,VIADA,cng,0.945,0.945,11.0
2026-05-21,Neste,petrol_95,1.857,1.857,70.0
2026-05-21,Neste,petrol_98,1.927,1.927,70.0
2026-05-21,Neste,diesel,1.867,1.867,70.0
2026-05-21,Neste,diesel_plus,1.997,1.997,70.0
2026-05-21,Virši,petrol_95,1.867,1.867,1.0
2026-05-21,Virši,petrol_98,1.947,1.947,1.0
2026-05-21,Virši,diesel,1.897,1.897,1.0
2026-05-21,VIADA,petrol_95,1.777,1.777,11.0
2026-05-21,VIADA,petrol_98,1.882,1.882,11.0
2026-05-21,VIADA,diesel,1.894,1.894,11.0
2026-05-21,VIADA,cng,0.935,0.935,11.0
2026-05-22,Circle K,petrol_95,1.864,1.864,85.0
2026-05-22,Circle K,petrol_98,1.934,1.934,85.0
2026-05-22,Circle K,diesel,1.884,1.884,85.0
2026-05-22,Circle K,diesel_plus,2.014,2.014,85.0
2026-05-22,Neste,petrol_95,1.857,1.857,70.0
2026-05-22,Neste,petrol_98,1.927,1.927,70.0
2026-05-22,Neste,diesel,1.867,1.867,70.0
2026-05-22,Neste,diesel_plus,1.997,1.997,70.0
2026-05-22,Virši,petrol_95,1.867,1.867,1.0
2026-05-22,Virši,petrol_98,1.947,1.947,1.0
2026-05-22,Virši,diesel,1.897,1.897,1.0
2026-05-22,VIADA,petrol_95,1.777,1.777,11.0
2026-05-22,VIADA,petrol_98,1.882,1.882,11.0
2026-05-22,VIADA,diesel,1.874,1.874,11.0
2026-05-22,VIADA,cng,0.935,0.935,11.0
2026-05-23,Circle K,petrol_95,1.864,1.864,85.0
2026-05-23,Circle K,petrol_98,1.934,1.934,85.0
2026-05-23,Circle K,diesel,1.884,1.884,85.0
2026-05-23,Circle K,diesel_plus,2.014,2.014,85.0
2026-05-23,Neste,petrol_95,1.847,1.847,70.0
2026-05-23,Neste,petrol_98,1.917,1.917,70.0
2026-05-23,Neste,diesel,1.867,1.867,70.0
2026-05-23,Neste,diesel_plus,1.997,1.997,70.0
2026-05-23,Virši,petrol_95,1.897,1.897,1.0
2026-05-23,Virši,petrol_98,1.967,1.967,1.0
2026-05-23,Virši,diesel,1.897,1.897,1.0
2026-05-23,VIADA,petrol_95,1.777,1.777,11.0
2026-05-23,VIADA,petrol_98,1.882,1.882,11.0
2026-05-23,VIADA,diesel,1.874,1.874,11.0
2026-05-23,VIADA,cng,0.935,0.935,11.0
2026-05-24,Circle K,petrol_95,1.864,1.864,85.0
2026-05-24,Circle K,petrol_98,1.934,1.934,85.0
2026-05-24,Circle K,diesel,1.884,1.884,85.0
2026-05-24,Circle K,diesel_plus,2.014,2.014,85.0
2026-05-24,Neste,petrol_95,1.847,1.847,70.0
2026-05-24,Neste,petrol_98,1.917,1.917,70.0
2026-05-24,Neste,diesel,1.867,1.867,70.0
2026-05-24,Neste,diesel_plus,1.997,1.997,70.0
2026-05-24,Virši,petrol_95,1.897,1.897,1.0
2026-05-24,Virši,petrol_98,1.967,1.967,1.0
2026-05-24,Virši,diesel,1.897,1.897,1.0
2026-05-24,VIADA,petrol_95,1.777,1.777,11.0
2026-05-24,VIADA,petrol_98,1.882,1.882,11.0
2026-05-24,VIADA,diesel,1.874,1.874,11.0
2026-05-24,VIADA,cng,0.935,0.935,11.0
2026-05-25,Circle K,petrol_95,1.857,1.857,85.0
2026-05-25,Circle K,petrol_98,1.927,1.927,85.0
2026-05-25,Circle K,diesel,1.867,1.867,85.0
2026-05-25,Circle K,diesel_plus,2.004,2.004,85.0
2026-05-25,Neste,petrol_95,1.847,1.847,70.0
2026-05-25,Neste,petrol_98,1.917,1.917,70.0
2026-05-25,Neste,diesel,1.867,1.867,70.0
2026-05-25,Neste,diesel_plus,1.997,1.997,70.0
2026-05-25,Virši,petrol_95,1.897,1.897,1.0
2026-05-25,Virši,petrol_98,1.967,1.967,1.0
2026-05-25,Virši,diesel,1.897,1.897,1.0
2026-05-25,VIADA,petrol_95,1.777,1.777,11.0
2026-05-25,VIADA,petrol_98,1.882,1.882,11.0
2026-05-25,VIADA,diesel,1.874,1.874,11.0
2026-05-25,VIADA,cng,0.935,0.935,11.0
2026-05-26,Circle K,petrol_95,1.847,1.847,85.0
2026-05-26,Circle K,petrol_98,1.917,1.917,85.0
2026-05-26,Circle K,diesel,1.867,1.867,85.0
2026-05-26,Circle K,diesel_plus,2.004,2.004,85.0
2026-05-26,Neste,petrol_95,1.837,1.837,70.0
2026-05-26,Neste,petrol_98,1.907,1.907,70.0
2026-05-26,Neste,diesel,1.857,1.857,70.0
2026-05-26,Neste,diesel_plus,1.987,1.987,70.0
2026-05-26,Virši,petrol_95,1.897,1.897,1.0
2026-05-26,Virši,petrol_98,1.967,1.967,1.0
2026-05-26,Virši,diesel,1.897,1.897,1.0
2026-05-26,VIADA,petrol_95,1.777,1.777,11.0
2026-05-26,VIADA,petrol_98,1.882,1.882,11.0
2026-05-26,VIADA,diesel,1.864,1.864,11.0
2026-05-26,VIADA,cng,0.935,0.935,11.0
2026-05-27,Circle K,petrol_95,1.837,1.837,85.0
2026-05-27,Circle K,petrol_98,1.907,1.907,85.0
2026-05-27,Circle K,diesel,1.857,1.857,85.0
2026-05-27,Circle K,diesel_plus,1.994,1.994,85.0
2026-05-27,Neste,petrol_95,1.837,1.837,70.0
2026-05-27,Neste,petrol_98,1.907,1.907,70.0
2026-05-27,Neste,diesel,1.847,1.847,70.0
2026-05-27,Neste,diesel_plus,1.977,1.977,70.0
2026-05-27,Virši,petrol_95,1.897,1.897,1.0
2026-05-27,Virši,petrol_98,1.967,1.967,1.0
2026-05-27,Virši,diesel,1.897,1.897,1.0
2026-05-27,VIADA,petrol_95,1.777,1.777,11.0
2026-05-27,VIADA,petrol_98,1.882,1.882,11.0
2026-05-27,VIADA,diesel,1.854,1.854,11.0
2026-05-27,VIADA,cng,0.935,0.935,11.0
2026-05-28,Circle K,petrol_95,1.837,1.837,85.0
2026-05-28,Circle K,petrol_98,1.907,1.907,85.0
2026-05-28,Circle K,diesel,1.847,1.847,85.0
2026-05-28,Circle K,diesel_plus,1.984,1.984,85.0
2026-05-28,Neste,petrol_95,1.837,1.837,70.0
2026-05-28,Neste,petrol_98,1.907,1.907,70.0
2026-05-28,Neste,diesel,1.847,1.847,70.0
2026-05-28,Neste,diesel_plus,1.977,1.977,70.0
2026-05-28,Virši,petrol_95,1.897,1.897,1.0
2026-05-28,Virši,petrol_98,1.967,1.967,1.0
2026-05-28,Virši,diesel,1.897,1.897,1.0
2026-05-28,VIADA,petrol_95,1.777,1.777,11.0
2026-05-28,VIADA,petrol_98,1.882,1.882,11.0
2026-05-28,VIADA,diesel,1.854,1.854,11.0
2026-05-28,VIADA,cng,0.935,0.935,11.0
2026-05-29,Circle K,petrol_95,1.834,1.834,85.0
2026-05-29,Circle K,petrol_98,1.904,1.904,85.0
2026-05-29,Circle K,diesel,1.754,1.754,85.0
2026-05-29,Circle K,diesel_plus,1.904,1.904,85.0
2026-05-29,Neste,petrol_95,1.817,1.817,70.0
2026-05-29,Neste,petrol_98,1.887,1.887,70.0
2026-05-29,Neste,diesel,1.737,1.737,70.0
2026-05-29,Neste,diesel_plus,1.847,1.847,70.0
2026-05-29,Virši,petrol_95,1.897,1.897,1.0
2026-05-29,Virši,petrol_98,1.967,1.967,1.0
2026-05-29,Virši,diesel,1.897,1.897,1.0
2026-05-29,VIADA,petrol_95,1.777,1.777,11.0
2026-05-29,VIADA,petrol_98,1.882,1.882,11.0
2026-05-29,VIADA,diesel,1.854,1.854,11.0
2026-05-29,VIADA,cng,0.935,0.935,11.0
2026-05-30,Circle K,petrol_95,1.894,1.894,85.0
2026-05-30,Circle K,petrol_98,1.964,1.964,85.0
2026-05-30,Circle K,diesel,1.854,1.854,85.0
2026-05-30,Circle K,diesel_plus,1.984,1.984,85.0
2026-05-30,Neste,petrol_95,1.837,1.837,70.0
2026-05-30,Neste,petrol_98,1.907,1.907,70.0
2026-05-30,Neste,diesel,1.797,1.797,70.0
2026-05-30,Neste,diesel_plus,1.927,1.927,70.0
2026-05-30,Virši,petrol_95,1.834,1.834,84.0
2026-05-30,Virši,petrol_98,1.904,1.904,84.0
2026-05-30,Virši,diesel,1.754,1.754,84.0
2026-05-30,VIADA,petrol_95,1.777,1.777,11.0
2026-05-30,VIADA,petrol_98,1.882,1.882,11.0
2026-05-30,VIADA,diesel,1.804,1.804,11.0
2026-05-30,VIADA,cng,0.935,0.935,11.0
2026-05-31,Circle K,petrol_95,1.894,1.894,85.0
2026-05-31,Circle K,petrol_98,1.964,1.964,85.0
2026-05-31,Circle K,diesel,1.854,1.854,85.0
2026-05-31,Circle K,diesel_plus,1.984,1.984,85.0
2026-05-31,Neste,petrol_95,1.837,1.837,70.0
2026-05-31,Neste,petrol_98,1.907,1.907,70.0
2026-05-31,Neste,diesel,1.797,1.797,70.0
2026-05-31,Neste,diesel_plus,1.927,1.927,70.0
2026-05-31,Virši,petrol_95,1.834,1.834,84.0
2026-05-31,Virši,petrol_98,1.904,1.904,84.0
2026-05-31,Virši,diesel,1.754,1.754,84.0
2026-05-31,VIADA,petrol_95,1.777,1.777,11.0
2026-05-31,VIADA,petrol_98,1.882,1.882,11.0
2026-05-31,VIADA,diesel,1.804,1.804,11.0
2026-05-31,VIADA,cng,0.935,0.935,11.0
2026-06-01,Circle K,petrol_95,1.894,1.894,85.0
2026-06-01,Circle K,petrol_98,1.964,1.964,85.0
2026-06-01,Circle K,diesel,1.854,1.854,85.0
2026-06-01,Circle K,diesel_plus,1.984,1.984,85.0
2026-06-01,Neste,petrol_95,1.837,1.837,70.0
2026-06-01,Neste,petrol_98,1.907,1.907,70.0
2026-06-01,Neste,diesel,1.767,1.767,70.0
2026-06-01,Neste,diesel_plus,1.897,1.897,70.0
2026-06-01,Virši,petrol_95,1.894,1.894,84.0
2026-06-01,Virši,petrol_98,1.964,1.964,84.0
2026-06-01,Virši,diesel,1.854,1.854,84.0
2026-06-01,VIADA,petrol_95,1.777,1.777,11.0
2026-06-01,VIADA,petrol_98,1.882,1.882,11.0
2026-06-01,VIADA,diesel,1.804,1.804,11.0
2026-06-01,VIADA,cng,0.935,0.935,11.0
2026-06-02,Circle K,petrol_95,1.837,1.837,85.0
2026-06-02,Circle K,petrol_98,1.907,1.907,85.0
2026-06-02,Circle K,diesel,1.784,1.784,85.0
2026-06-02,Circle K,diesel_plus,1.914,1.914,85.0
2026-06-02,Neste,petrol_95,1.837,1.837,70.0
2026-06-02,Neste,petrol_98,1.907,1.907,70.0
2026-06-02,Neste,diesel,1.767,1.767,70.0
2026-06-02,Neste,diesel_plus,1.897,1.897,70.0
2026-06-02,Virši,petrol_95,1.894,1.894,84.0
2026-06-02,Virši,petrol_98,1.964,1.964,84.0
2026-06-02,Virši,diesel,1.854,1.854,84.0
2026-06-02,VIADA,petrol_95,1.777,1.777,11.0
2026-06-02,VIADA,petrol_98,1.882,1.882,11.0
2026-06-02,VIADA,diesel,1.774,1.774,11.0
2026-06-02,VIADA,cng,0.935,0.935,11.0
2026-06-03,Circle K,petrol_95,1.827,1.827,85.0
2026-06-03,Circle K,petrol_98,1.897,1.897,85.0
2026-06-03,Circle K,diesel,1.757,1.757,85.0
2026-06-03,Circle K,diesel_plus,1.904,1.904,85.0
2026-06-03,Neste,petrol_95,1.827,1.827,70.0
2026-06-03,Neste,petrol_98,1.897,1.897,70.0
2026-06-03,Neste,diesel,1.757,1.757,70.0
2026-06-03,Neste,diesel_plus,1.887,1.887,70.0
2026-06-03,VIADA,petrol_95,1.777,1.777,11.0
2026-06-03,VIADA,petrol_98,1.882,1.882,11.0
2026-06-03,VIADA,diesel,1.774,1.774,11.0
2026-06-03,VIADA,cng,0.935,0.935,11.0
2026-06-04,Circle K,petrol_95,1.827,1.827,85.0
2026-06-04,Circle K,petrol_98,1.897,1.897,85.0
2026-06-04,Circle K,diesel,1.757,1.757,85.0
2026-06-04,Circle K,diesel_plus,1.904,1.904,85.0
2026-06-04,Neste,petrol_95,1.817,1.817,70.0
2026-06-04,Neste,petrol_98,1.887,1.887,70.0
2026-06-04,Neste,diesel,1.737,1.737,70.0
2026-06-04,Neste,diesel_plus,1.867,1.867,70.0
2026-06-04,Virši,petrol_95,1.877,1.877,1.0
2026-06-04,Virši,petrol_98,1.947,1.947,1.0
2026-06-04,Virši,diesel,1.797,1.797,1.0
2026-06-04,VIADA,petrol_95,1.757,1.757,11.0
2026-06-04,VIADA,petrol_98,1.862,1.862,11.0
2026-06-04,VIADA,diesel,1.764,1.764,11.0
2026-06-04,VIADA,cng,0.935,0.935,11.0
2026-06-05,Circle K,petrol_95,1.817,1.817,85.0
2026-06-05,Circle K,petrol_98,1.887,1.887,85.0
2026-06-05,Circle K,diesel,1.754,1.754,85.0
2026-06-05,Circle K,diesel_plus,1.884,1.884,85.0
2026-06-05,Neste,petrol_95,1.817,1.817,70.0
2026-06-05,Neste,petrol_98,1.887,1.887,70.0
2026-06-05,Neste,diesel,1.737,1.737,70.0
2026-06-05,Neste,diesel_plus,1.867,1.867,70.0
2026-06-05,Virši,petrol_95,1.877,1.877,1.0
2026-06-05,Virši,petrol_98,1.947,1.947,1.0
2026-06-05,Virši,diesel,1.797,1.797,1.0
2026-06-05,VIADA,petrol_95,1.757,1.757,11.0
2026-06-05,VIADA,petrol_98,1.862,1.862,11.0
2026-06-05,VIADA,diesel,1.744,1.744,11.0
2026-06-05,VIADA,cng,0.895,0.895,11.0
2026-06-06,Circle K,petrol_95,1.817,1.817,85.0
2026-06-06,Circle K,petrol_98,1.887,1.887,85.0
2026-06-06,Circle K,diesel,1.754,1.754,85.0
2026-06-06,Circle K,diesel_plus,1.884,1.884,85.0
2026-06-06,Neste,petrol_95,1.817,1.817,70.0
2026-06-06,Neste,petrol_98,1.887,1.887,70.0
2026-06-06,Neste,diesel,1.737,1.737,70.0
2026-06-06,Neste,diesel_plus,1.867,1.867,70.0
2026-06-06,Virši,petrol_95,1.877,1.877,1.0
2026-06-06,Virši,petrol_98,1.947,1.947,1.0
2026-06-06,Virši,diesel,1.797,1.797,1.0
2026-06-06,VIADA,petrol_95,1.757,1.757,11.0
2026-06-06,VIADA,petrol_98,1.862,1.862,11.0
2026-06-06,VIADA,diesel,1.744,1.744,11.0
2026-06-06,VIADA,cng,0.895,0.895,11.0
2026-06-07,Circle K,petrol_95,1.817,1.817,85.0
2026-06-07,Circle K,petrol_98,1.887,1.887,85.0
2026-06-07,Circle K,diesel,1.754,1.754,85.0
2026-06-07,Circle K,diesel_plus,1.884,1.884,85.0
2026-06-07,Neste,petrol_95,1.817,1.817,70.0
2026-06-07,Neste,petrol_98,1.887,1.887,70.0
2026-06-07,Neste,diesel,1.737,1.737,70.0
2026-06-07,Neste,diesel_plus,1.867,1.867,70.0
2026-06-07,Virši,petrol_95,1.877,1.877,1.0
2026-06-07,Virši,petrol_98,1.947,1.947,1.0
2026-06-07,Virši,diesel,1.797,1.797,1.0
2026-06-07,VIADA,petrol_95,1.757,1.757,11.0
2026-06-07,VIADA,petrol_98,1.862,1.862,11.0
2026-06-07,VIADA,diesel,1.744,1.744,11.0
2026-06-07,VIADA,cng,0.895,0.895,11.0
2026-06-08,Circle K,petrol_95,1.817,1.817,85.0
2026-06-08,Circle K,petrol_98,1.887,1.887,85.0
2026-06-08,Circle K,diesel,1.754,1.754,85.0
2026-06-08,Circle K,diesel_plus,1.884,1.884,85.0
2026-06-08,Neste,petrol_95,1.807,1.807,70.0
2026-06-08,Neste,petrol_98,1.877,1.877,70.0
2026-06-08,Neste,diesel,1.737,1.737,70.0
2026-06-08,Neste,diesel_plus,1.867,1.867,70.0
2026-06-08,Virši,petrol_95,1.877,1.877,1.0
2026-06-08,Virši,petrol_98,1.947,1.947,1.0
2026-06-08,Virši,diesel,1.797,1.797,1.0
2026-06-08,VIADA,petrol_95,1.757,1.757,11.0
2026-06-08,VIADA,petrol_98,1.862,1.862,11.0
2026-06-08,VIADA,diesel,1.744,1.744,11.0
2026-06-08,VIADA,cng,0.895,0.895,11.0
2026-06-09,Circle K,petrol_95,1.807,1.807,85.0
2026-06-09,Circle K,petrol_98,1.877,1.877,85.0
2026-06-09,Circle K,diesel,1.714,1.714,85.0
2026-06-09,Circle K,diesel_plus,1.844,1.844,85.0
2026-06-09,Neste,petrol_95,1.697,1.697,70.0
2026-06-09,Neste,petrol_98,1.767,1.767,70.0
2026-06-09,Neste,diesel,1.697,1.697,70.0
2026-06-09,Neste,diesel_plus,1.827,1.827,70.0
2026-06-09,Virši,petrol_95,1.717,1.717,88.0
2026-06-09,Virši,petrol_98,1.787,1.787,88.0
2026-06-09,Virši,diesel,1.717,1.717,88.0
2026-06-09,VIADA,petrol_95,1.697,1.697,11.0
2026-06-09,VIADA,petrol_98,1.802,1.802,11.0
2026-06-09,VIADA,diesel,1.744,1.744,11.0
2026-06-09,VIADA,cng,0.855,0.855,11.0
2026-06-10,Circle K,petrol_95,1.814,1.814,85.0
2026-06-10,Circle K,petrol_98,1.884,1.884,85.0
2026-06-10,Circle K,diesel,1.814,1.814,85.0
2026-06-10,Circle K,diesel_plus,1.944,1.944,85.0
2026-06-10,Neste,petrol_95,1.797,1.797,70.0
2026-06-10,Neste,petrol_98,1.867,1.867,70.0
2026-06-10,Neste,diesel,1.797,1.797,70.0
2026-06-10,Neste,diesel_plus,1.927,1.927,70.0
2026-06-10,Virši,petrol_95,1.797,1.797,1.0
2026-06-10,Virši,petrol_98,1.877,1.877,1.0
2026-06-10,Virši,diesel,1.817,1.817,1.0
2026-06-10,VIADA,petrol_95,1.697,1.697,11.0
2026-06-10,VIADA,petrol_98,1.802,1.802,11.0
2026-06-10,VIADA,diesel,1.744,1.744,11.0
2026-06-10,VIADA,cng,0.855,0.855,11.0
2026-06-11,Circle K,petrol_95,1.797,1.797,85.0
2026-06-11,Circle K,petrol_98,1.867,1.867,85.0
2026-06-11,Circle K,diesel,1.754,1.754,85.0
2026-06-11,Circle K,diesel_plus,1.884,1.884,85.0
2026-06-11,Neste,petrol_95,1.767,1.767,70.0
2026-06-11,Neste,petrol_98,1.837,1.837,70.0
2026-06-11,Neste,diesel,1.767,1.767,70.0
2026-06-11,Neste,diesel_plus,1.897,1.897,70.0
2026-06-11,Virši,petrol_95,1.797,1.797,1.0
2026-06-11,Virši,petrol_98,1.877,1.877,1.0
2026-06-11,Virši,diesel,1.817,1.817,1.0
2026-06-11,VIADA,petrol_95,1.657,1.657,11.0
2026-06-11,VIADA,petrol_98,1.762,1.762,11.0
2026-06-11,VIADA,diesel,1.744,1.744,11.0
2026-06-11,VIADA,cng,0.835,0.835,11.0
2026-06-12,Circle K,petrol_95,1.767,1.767,85.0
2026-06-12,Circle K,petrol_98,1.837,1.837,85.0
2026-06-12,Circle K,diesel,1.754,1.754,85.0
2026-06-12,Circle K,diesel_plus,1.884,1.884,85.0
2026-06-12,Neste,petrol_95,1.757,1.757,70.0
2026-06-12,Neste,petrol_98,1.827,1.827,70.0
2026-06-12,Neste,diesel,1.737,1.737,70.0
2026-06-12,Neste,diesel_plus,1.867,1.867,70.0
2026-06-12,Virši,petrol_95,1.797,1.797,1.0
2026-06-12,Virši,petrol_98,1.877,1.877,1.0
2026-06-12,Virši,diesel,1.817,1.817,1.0
2026-06-12,VIADA,petrol_95,1.657,1.657,11.0
2026-06-12,VIADA,petrol_98,1.762,1.762,11.0
2026-06-12,VIADA,diesel,1.744,1.744,11.0
2026-06-12,VIADA,cng,0.835,0.835,11.0
2026-06-13,Circle K,petrol_95,1.767,1.767,85.0
2026-06-13,Circle K,petrol_98,1.837,1.837,85.0
2026-06-13,Circle K,diesel,1.754,1.754,85.0
2026-06-13,Circle K,diesel_plus,1.884,1.884,85.0
2026-06-13,Neste,petrol_95,1.757,1.757,70.0
2026-06-13,Neste,petrol_98,1.827,1.827,70.0
2026-06-13,Neste,diesel,1.737,1.737,70.0
2026-06-13,Neste,diesel_plus,1.867,1.867,70.0
2026-06-13,Virši,petrol_95,1.797,1.797,1.0
2026-06-13,Virši,petrol_98,1.877,1.877,1.0
2026-06-13,Virši,diesel,1.817,1.817,1.0
2026-06-13,VIADA,petrol_95,1.657,1.657,11.0
2026-06-13,VIADA,petrol_98,1.762,1.762,11.0
2026-06-13,VIADA,diesel,1.744,1.744,11.0
2026-06-13,VIADA,cng,0.835,0.835,11.0
2026-06-14,Circle K,petrol_95,1.767,1.767,85.0
2026-06-14,Circle K,petrol_98,1.837,1.837,85.0
2026-06-14,Circle K,diesel,1.754,1.754,85.0
2026-06-14,Circle K,diesel_plus,1.884,1.884,85.0
2026-06-14,Neste,petrol_95,1.757,1.757,70.0
2026-06-14,Neste,petrol_98,1.827,1.827,70.0
2026-06-14,Neste,diesel,1.737,1.737,70.0
2026-06-14,Neste,diesel_plus,1.867,1.867,70.0
2026-06-14,Virši,petrol_95,1.797,1.797,1.0
2026-06-14,Virši,petrol_98,1.877,1.877,1.0
2026-06-14,Virši,diesel,1.817,1.817,1.0
2026-06-14,VIADA,petrol_95,1.657,1.657,11.0
2026-06-14,VIADA,petrol_98,1.762,1.762,11.0
2026-06-14,VIADA,diesel,1.744,1.744,11.0
2026-06-14,VIADA,cng,0.835,0.835,11.0
2026-06-15,Circle K,petrol_95,1.767,1.767,85.0
2026-06-15,Circle K,petrol_98,1.837,1.837,85.0
2026-06-15,Circle K,diesel,1.754,1.754,85.0
2026-06-15,Circle K,diesel_plus,1.884,1.884,85.0
2026-06-15,Neste,petrol_95,1.757,1.757,70.0
2026-06-15,Neste,petrol_98,1.827,1.827,70.0
2026-06-15,Neste,diesel,1.737,1.737,70.0
2026-06-15,Neste,diesel_plus,1.867,1.867,70.0
2026-06-15,Virši,petrol_95,1.784,1.784,1.0
2026-06-15,Virši,petrol_98,1.864,1.864,1.0
2026-06-15,Virši,diesel,1.764,1.764,1.0
2026-06-15,VIADA,petrol_95,1.657,1.657,11.0
2026-06-15,VIADA,petrol_98,1.762,1.762,11.0
2026-06-15,VIADA,diesel,1.744,1.744,11.0
2026-06-15,VIADA,cng,0.835,0.835,11.0
2026-06-16,Circle K,petrol_95,1.767,1.767,85.0
2026-06-16,Circle K,petrol_98,1.837,1.837,85.0
2026-06-16,Circle K,diesel,1.754,1.754,85.0
2026-06-16,Circle K,diesel_plus,1.884,1.884,85.0
2026-06-16,Neste,petrol_95,1.757,1.757,70.0
2026-06-16,Neste,petrol_98,1.827,1.827,70.0
2026-06-16,Neste,diesel,1.737,1.737,70.0
2026-06-16,Neste,diesel_plus,1.867,1.867,70.0
2026-06-16,Virši,petrol_95,1.784,1.784,1.0
2026-06-16,Virši,petrol_98,1.864,1.864,1.0
2026-06-16,Virši,diesel,1.764,1.764,1.0
2026-06-16,VIADA,petrol_95,1.657,1.657,11.0
2026-06-16,VIADA,petrol_98,1.762,1.762,11.0
2026-06-16,VIADA,diesel,1.744,1.744,11.0
2026-06-16,VIADA,cng,0.835,0.835,11.0
2026-06-17,Circle K,petrol_95,1.757,1.757,85.0
2026-06-17,Circle K,petrol_98,1.827,1.827,85.0
2026-06-17,Circle K,diesel,1.737,1.737,85.0
2026-06-17,Circle K,diesel_plus,1.874,1.874,85.0
2026-06-17,Neste,petrol_95,1.747,1.747,70.0
2026-06-17,Neste,petrol_98,1.817,1.817,70.0
2026-06-17,Neste,diesel,1.727,1.727,70.0
2026-06-17,Neste,diesel_plus,1.857,1.857,70.0
2026-06-17,Virši,petrol_95,1.784,1.784,1.0
2026-06-17,Virši,petrol_98,1.864,1.864,1.0
2026-06-17,Virši,diesel,1.764,1.764,1.0
2026-06-17,VIADA,petrol_95,1.647,1.647,11.0
2026-06-17,VIADA,petrol_98,1.752,1.752,11.0
2026-06-17,VIADA,diesel,1.734,1.734,11.0
2026-06-17,VIADA,cng,0.835,0.835,11.0
2026-06-18,Circle K,petrol_95,1.654,1.654,85.0
2026-06-18,Circle K,petrol_98,1.724,1.724,85.0
2026-06-18,Circle K,diesel,1.614,1.614,85.0
2026-06-18,Circle K,diesel_plus,1.744,1.744,85.0
2026-06-18,Neste,petrol_95,1.637,1.637,70.0
2026-06-18,Neste,petrol_98,1.697,1.697,70.0
2026-06-18,Neste,diesel,1.597,1.597,70.0
2026-06-18,Neste,diesel_plus,1.697,1.697,70.0
2026-06-18,Virši,petrol_95,1.637,1.637,1.0
2026-06-18,Virši,petrol_98,1.707,1.707,1.0
2026-06-18,Virši,diesel,1.597,1.597,1.0
2026-06-18,VIADA,petrol_95,1.647,1.647,11.0
2026-06-18,VIADA,petrol_98,1.752,1.752,11.0
2026-06-18,VIADA,diesel,1.744,1.744,11.0
2026-06-18,VIADA,cng,0.835,0.835,11.0
2026-06-19,Circle K,petrol_95,1.764,1.764,85.0
2026-06-19,Circle K,petrol_98,1.834,1.834,85.0
2026-06-19,Circle K,diesel,1.734,1.734,85.0
2026-06-19,Circle K,diesel_plus,1.864,1.864,85.0
2026-06-19,Neste,petrol_95,1.717,1.717,70.0
2026-06-19,Neste,petrol_98,1.787,1.787,70.0
2026-06-19,Neste,diesel,1.687,1.687,70.0
2026-06-19,Neste,diesel_plus,1.817,1.817,70.0
2026-06-19,Virši,petrol_95,1.737,1.737,1.0
2026-06-19,Virši,petrol_98,1.807,1.807,1.0
2026-06-19,Virši,diesel,1.717,1.717,1.0
2026-06-19,VIADA,petrol_95,1.647,1.647,11.0
2026-06-19,VIADA,petrol_98,1.752,1.752,11.0
2026-06-19,VIADA,diesel,1.717,1.717,11.0
2026-06-19,VIADA,cng,0.835,0.835,11.0
2026-06-20,Circle K,petrol_95,1.734,1.734,85.0
2026-06-20,Circle K,petrol_98,1.804,1.804,85.0
2026-06-20,Circle K,diesel,1.704,1.704,85.0
2026-06-20,Circle K,diesel_plus,1.834,1.834,85.0
2026-06-20,Neste,petrol_95,1.717,1.717,70.0
2026-06-20,Neste,petrol_98,1.787,1.787,70.0
2026-06-20,Neste,diesel,1.687,1.687,70.0
2026-06-20,Neste,diesel_plus,1.817,1.817,70.0
2026-06-20,Virši,petrol_95,1.737,1.737,1.0
2026-06-20,Virši,petrol_98,1.807,1.807,1.0
2026-06-20,Virši,diesel,1.717,1.717,1.0
2026-06-20,VIADA,petrol_95,1.647,1.647,11.0
2026-06-20,VIADA,petrol_98,1.752,1.752,11.0
2026-06-20,VIADA,diesel,1.694,1.694,11.0
2026-06-20,VIADA,cng,0.835,0.835,11.0
2026-06-21,Circle K,petrol_95,1.734,1.734,85.0
2026-06-21,Circle K,petrol_98,1.804,1.804,85.0
2026-06-21,Circle K,diesel,1.704,1.704,85.0
2026-06-21,Circle K,diesel_plus,1.834,1.834,85.0
2026-06-21,Neste,petrol_95,1.717,1.717,70.0
2026-06-21,Neste,petrol_98,1.787,1.787,70.0
2026-06-21,Neste,diesel,1.687,1.687,70.0
2026-06-21,Neste,diesel_plus,1.817,1.817,70.0
2026-06-21,Virši,petrol_95,1.737,1.737,1.0
2026-06-21,Virši,petrol_98,1.807,1.807,1.0
2026-06-21,Virši,diesel,1.717,1.717,1.0
2026-06-21,VIADA,petrol_95,1.647,1.647,11.0
2026-06-21,VIADA,petrol_98,1.752,1.752,11.0
2026-06-21,VIADA,diesel,1.694,1.694,11.0
2026-06-21,VIADA,cng,0.835,0.835,11.0
2026-06-22,Circle K,petrol_95,1.714,1.714,85.0
2026-06-22,Circle K,petrol_98,1.784,1.784,85.0
2026-06-22,Circle K,diesel,1.684,1.684,85.0
2026-06-22,Circle K,diesel_plus,1.814,1.814,85.0
2026-06-22,Neste,petrol_95,1.697,1.697,70.0
2026-06-22,Neste,petrol_98,1.767,1.767,70.0
2026-06-22,Neste,diesel,1.667,1.667,70.0
2026-06-22,Neste,diesel_plus,1.797,1.797,70.0
2026-06-22,Virši,petrol_95,1.737,1.737,1.0
2026-06-22,Virši,petrol_98,1.807,1.807,1.0
2026-06-22,Virši,diesel,1.717,1.717,1.0
2026-06-22,VIADA,petrol_95,1.637,1.637,11.0
2026-06-22,VIADA,petrol_98,1.742,1.742,11.0
2026-06-22,VIADA,diesel,1.684,1.684,11.0
2026-06-22,VIADA,cng,0.835,0.835,11.0
2026-06-23,Circle K,petrol_95,1.714,1.714,85.0
2026-06-23,Circle K,petrol_98,1.784,1.784,85.0
2026-06-23,Circle K,diesel,1.684,1.684,85.0
2026-06-23,Circle K,diesel_plus,1.814,1.814,85.0
2026-06-23,Neste,petrol_95,1.697,1.697,70.0
2026-06-23,Neste,petrol_98,1.767,1.767,70.0
2026-06-23,Neste,diesel,1.667,1.667,70.0
2026-06-23,Neste,diesel_plus,1.797,1.797,70.0
2026-06-23,Virši,petrol_95,1.737,1.737,1.0
2026-06-23,Virši,petrol_98,1.807,1.807,1.0
2026-06-23,Virši,diesel,1.717,1.717,1.0
2026-06-23,VIADA,petrol_95,1.637,1.637,11.0
2026-06-23,VIADA,petrol_98,1.742,1.742,11.0
2026-06-23,VIADA,diesel,1.674,1.674,11.0
2026-06-23,VIADA,cng,0.835,0.835,11.0
2026-06-24,Circle K,petrol_95,1.714,1.714,85.0
2026-06-24,Circle K,petrol_98,1.784,1.784,85.0
2026-06-24,Circle K,diesel,1.684,1.684,85.0
2026-06-24,Circle K,diesel_plus,1.814,1.814,85.0
2026-06-24,Neste,petrol_95,1.697,1.697,70.0
2026-06-24,Neste,petrol_98,1.767,1.767,70.0
2026-06-24,Neste,diesel,1.667,1.667,70.0
2026-06-24,Neste,diesel_plus,1.797,1.797,70.0
2026-06-24,Virši,petrol_95,1.737,1.737,1.0
2026-06-24,Virši,petrol_98,1.807,1.807,1.0
2026-06-24,Virši,diesel,1.707,1.707,1.0
2026-06-24,VIADA,petrol_95,1.637,1.637,11.0
2026-06-24,VIADA,petrol_98,1.742,1.742,11.0
2026-06-24,VIADA,diesel,1.674,1.674,11.0
2026-06-24,VIADA,cng,0.835,0.835,11.0
2026-06-25,Circle K,petrol_95,1.697,1.697,85.0
2026-06-25,Circle K,petrol_98,1.767,1.767,85.0
2026-06-25,Circle K,diesel,1.667,1.667,85.0
2026-06-25,Circle K,diesel_plus,1.804,1.804,85.0
2026-06-25,Neste,petrol_95,1.687,1.687,70.0
2026-06-25,Neste,petrol_98,1.757,1.757,70.0
2026-06-25,Neste,diesel,1.647,1.647,70.0
2026-06-25,Neste,diesel_plus,1.777,1.777,70.0
2026-06-25,Virši,petrol_95,1.737,1.737,1.0
2026-06-25,Virši,petrol_98,1.807,1.807,1.0
2026-06-25,Virši,diesel,1.707,1.707,1.0
2026-06-25,VIADA,petrol_95,1.627,1.627,11.0
2026-06-25,VIADA,petrol_98,1.732,1.732,11.0
2026-06-25,VIADA,diesel,1.674,1.674,11.0
2026-06-25,VIADA,cng,0.835,0.835,11.0
2026-06-26,Circle K,petrol_95,1.704,1.704,85.0
2026-06-26,Circle K,petrol_98,1.774,1.774,85.0
2026-06-26,Circle K,diesel,1.664,1.664,85.0
2026-06-26,Circle K,diesel_plus,1.794,1.794,85.0
2026-06-26,Neste,petrol_95,1.687,1.687,70.0
2026-06-26,Neste,petrol_98,1.757,1.757,70.0
2026-06-26,Neste,diesel,1.647,1.647,70.0
2026-06-26,Neste,diesel_plus,1.777,1.777,70.0
2026-06-26,Virši,petrol_95,1.737,1.737,1.0
2026-06-26,Virši,petrol_98,1.807,1.807,1.0
2026-06-26,Virši,diesel,1.707,1.707,1.0
2026-06-26,VIADA,petrol_95,1.627,1.627,11.0
2026-06-26,VIADA,petrol_98,1.732,1.732,11.0
2026-06-26,VIADA,diesel,1.654,1.654,11.0
2026-06-26,VIADA,cng,0.835,0.835,11.0
2026-06-27,Circle K,petrol_95,1.704,1.704,85.0
2026-06-27,Circle K,petrol_98,1.774,1.774,85.0
2026-06-27,Circle K,diesel,1.664,1.664,85.0
2026-06-27,Circle K,diesel_plus,1.794,1.794,85.0
2026-06-27,Neste,petrol_95,1.687,1.687,70.0
2026-06-27,Neste,petrol_98,1.757,1.757,70.0
2026-06-27,Neste,diesel,1.637,1.637,70.0
2026-06-27,Neste,diesel_plus,1.767,1.767,70.0
2026-06-27,Virši,petrol_95,1.737,1.737,1.0
2026-06-27,Virši,petrol_98,1.807,1.807,1.0
2026-06-27,Virši,diesel,1.707,1.707,1.0
2026-06-27,VIADA,petrol_95,1.627,1.627,11.0
2026-06-27,VIADA,petrol_98,1.732,1.732,11.0
2026-06-27,VIADA,diesel,1.644,1.644,11.0
2026-06-27,VIADA,cng,0.835,0.835,11.0
2026-06-28,Circle K,petrol_95,1.704,1.704,85.0
2026-06-28,Circle K,petrol_98,1.774,1.774,85.0
2026-06-28,Circle K,diesel,1.664,1.664,85.0
2026-06-28,Circle K,diesel_plus,1.794,1.794,85.0
2026-06-28,Neste,petrol_95,1.687,1.687,70.0
2026-06-28,Neste,petrol_98,1.757,1.757,70.0
2026-06-28,Neste,diesel,1.637,1.637,70.0
2026-06-28,Neste,diesel_plus,1.767,1.767,70.0
2026-06-28,Virši,petrol_95,1.737,1.737,1.0
2026-06-28,Virši,petrol_98,1.807,1.807,1.0
2026-06-28,Virši,diesel,1.707,1.707,1.0
2026-06-28,VIADA,petrol_95,1.627,1.627,11.0
2026-06-28,VIADA,petrol_98,1.732,1.732,11.0
2026-06-28,VIADA,diesel,1.644,1.644,11.0
2026-06-28,VIADA,cng,0.835,0.835,11.0
2026-06-29,Circle K,petrol_95,1.704,1.704,85.0
2026-06-29,Circle K,petrol_98,1.774,1.774,85.0
2026-06-29,Circle K,diesel,1.654,1.654,85.0
2026-06-29,Circle K,diesel_plus,1.784,1.784,85.0
2026-06-29,Neste,petrol_95,1.687,1.687,70.0
2026-06-29,Neste,petrol_98,1.757,1.757,70.0
2026-06-29,Neste,diesel,1.637,1.637,70.0
2026-06-29,Neste,diesel_plus,1.767,1.767,70.0
2026-06-29,Virši,petrol_95,1.737,1.737,1.0
2026-06-29,Virši,petrol_98,1.807,1.807,1.0
2026-06-29,Virši,diesel,1.707,1.707,1.0
2026-06-29,VIADA,petrol_95,1.627,1.627,11.0
2026-06-29,VIADA,petrol_98,1.732,1.732,11.0
2026-06-29,VIADA,diesel,1.644,1.644,11.0
2026-06-29,VIADA,cng,0.835,0.835,11.0
2026-06-30,Circle K,petrol_95,1.644,1.644,85.0
2026-06-30,Circle K,petrol_98,1.714,1.714,85.0
2026-06-30,Circle K,diesel,1.514,1.514,85.0
2026-06-30,Circle K,diesel_plus,1.644,1.644,85.0
2026-06-30,Neste,petrol_95,1.627,1.627,70.0
2026-06-30,Neste,petrol_98,1.677,1.677,70.0
2026-06-30,Neste,diesel,1.497,1.497,70.0
2026-06-30,Neste,diesel_plus,1.597,1.597,70.0
2026-06-30,Virši,petrol_95,1.644,1.644,1.0
2026-06-30,Virši,petrol_98,1.714,1.714,1.0
2026-06-30,Virši,diesel,1.514,1.514,1.0
2026-06-30,VIADA,petrol_95,1.607,1.607,11.0
2026-06-30,VIADA,petrol_98,1.712,1.712,11.0
2026-06-30,VIADA,diesel,1.644,1.644,11.0
2026-06-30,VIADA,cng,0.835,0.835,11.0
2026-07-01,Circle K,petrol_95,1.704,1.704,85.0
2026-07-01,Circle K,petrol_98,1.774,1.774,85.0
2026-07-01,Circle K,diesel,1.634,1.634,85.0
2026-07-01,Circle K,diesel_plus,1.764,1.764,85.0
2026-07-01,Neste,petrol_95,1.687,1.687,70.0
2026-07-01,Neste,petrol_98,1.757,1.757,70.0
2026-07-01,Neste,diesel,1.617,1.617,70.0
2026-07-01,Neste,diesel_plus,1.747,1.747,70.0
2026-07-01,Virši,petrol_95,1.644,1.644,1.0
2026-07-01,Virši,petrol_98,1.714,1.714,1.0
2026-07-01,Virši,diesel,1.514,1.514,1.0
2026-07-01,VIADA,petrol_95,1.607,1.607,11.0
2026-07-01,VIADA,petrol_98,1.712,1.712,11.0
2026-07-01,VIADA,diesel,1.644,1.644,11.0
2026-07-01,VIADA,cng,0.835,0.835,11.0
2026-07-02,Circle K,petrol_95,1.704,1.704,85.0
2026-07-02,Circle K,petrol_98,1.774,1.774,85.0
2026-07-02,Circle K,diesel,1.634,1.634,85.0
2026-07-02,Circle K,diesel_plus,1.764,1.764,85.0
2026-07-02,Neste,petrol_95,1.687,1.687,70.0
2026-07-02,Neste,petrol_98,1.757,1.757,70.0
2026-07-02,Neste,diesel,1.617,1.617,70.0
2026-07-02,Neste,diesel_plus,1.747,1.747,70.0
2026-07-02,Virši,petrol_95,1.717,1.717,1.0
2026-07-02,Virši,petrol_98,1.787,1.787,1.0
2026-07-02,Virši,diesel,1.657,1.657,1.0
2026-07-02,VIADA,petrol_95,1.607,1.607,11.0
2026-07-02,VIADA,petrol_98,1.712,1.712,11.0
2026-07-02,VIADA,diesel,1.624,1.624,11.0
2026-07-02,VIADA,cng,0.835,0.835,11.0
2026-07-03,Circle K,petrol_95,1.704,1.704,85.0
2026-07-03,Circle K,petrol_98,1.774,1.774,85.0
2026-07-03,Circle K,diesel,1.634,1.634,85.0
2026-07-03,Circle K,diesel_plus,1.764,1.764,85.0
2026-07-03,Neste,petrol_95,1.677,1.677,70.0
2026-07-03,Neste,petrol_98,1.747,1.747,70.0
2026-07-03,Neste,diesel,1.607,1.607,70.0
2026-07-03,Neste,diesel_plus,1.737,1.737,70.0
2026-07-03,Virši,petrol_95,1.707,1.707,1.0
2026-07-03,Virši,petrol_98,1.777,1.777,1.0
2026-07-03,Virši,diesel,1.637,1.637,1.0
2026-07-03,VIADA,petrol_95,1.597,1.597,11.0
2026-07-03,VIADA,petrol_98,1.702,1.702,11.0
2026-07-03,VIADA,diesel,1.624,1.624,11.0
2026-07-03,VIADA,cng,0.795,0.795,11.0
2026-07-04,Circle K,petrol_95,1.704,1.704,85.0
2026-07-04,Circle K,petrol_98,1.774,1.774,85.0
2026-07-04,Circle K,diesel,1.634,1.634,85.0
2026-07-04,Circle K,diesel_plus,1.764,1.764,85.0
2026-07-04,Neste,petrol_95,1.677,1.677,70.0
2026-07-04,Neste,petrol_98,1.747,1.747,70.0
2026-07-04,Neste,diesel,1.607,1.607,70.0
2026-07-04,Neste,diesel_plus,1.737,1.737,70.0
2026-07-04,Virši,petrol_95,1.707,1.707,1.0
2026-07-04,Virši,petrol_98,1.777,1.777,1.0
2026-07-04,Virši,diesel,1.637,1.637,1.0
2026-07-04,VIADA,petrol_95,1.597,1.597,11.0
2026-07-04,VIADA,petrol_98,1.702,1.702,11.0
2026-07-04,VIADA,diesel,1.614,1.614,11.0
2026-07-04,VIADA,cng,0.795,0.795,11.0
2026-07-05,Circle K,petrol_95,1.704,1.704,85.0
2026-07-05,Circle K,petrol_98,1.774,1.774,85.0
2026-07-05,Circle K,diesel,1.634,1.634,85.0
2026-07-05,Circle K,diesel_plus,1.764,1.764,85.0
2026-07-05,Neste,petrol_95,1.677,1.677,70.0
2026-07-05,Neste,petrol_98,1.747,1.747,70.0
2026-07-05,Neste,diesel,1.607,1.607,70.0
2026-07-05,Neste,diesel_plus,1.737,1.737,70.0
2026-07-05,Virši,petrol_95,1.707,1.707,1.0
2026-07-05,Virši,petrol_98,1.777,1.777,1.0
2026-07-05,Virši,diesel,1.637,1.637,1.0
2026-07-05,VIADA,petrol_95,1.597,1.597,11.0
2026-07-05,VIADA,petrol_98,1.702,1.702,11.0
2026-07-05,VIADA,diesel,1.614,1.614,11.0
2026-07-05,VIADA,cng,0.795,0.795,11.0
2026-07-06,Circle K,petrol_95,1.704,1.704,85.0
2026-07-06,Circle K,petrol_98,1.774,1.774,85.0
2026-07-06,Circle K,diesel,1.634,1.634,85.0
2026-07-06,Circle K,diesel_plus,1.764,1.764,85.0
2026-07-06,Neste,petrol_95,1.687,1.687,70.0
2026-07-06,Neste,petrol_98,1.757,1.757,70.0
2026-07-06,Neste,diesel,1.617,1.617,70.0
2026-07-06,Neste,diesel_plus,1.747,1.747,70.0
2026-07-06,Virši,petrol_95,1.707,1.707,1.0
2026-07-06,Virši,petrol_98,1.777,1.777,1.0
2026-07-06,Virši,diesel,1.637,1.637,1.0
2026-07-06,VIADA,petrol_95,1.597,1.597,11.0
2026-07-06,VIADA,petrol_98,1.702,1.702,11.0
2026-07-06,VIADA,diesel,1.614,1.614,11.0
2026-07-06,VIADA,cng,0.795,0.795,11.0
2026-07-07,Circle K,petrol_95,1.704,1.704,85.0
2026-07-07,Circle K,petrol_98,1.774,1.774,85.0
2026-07-07,Circle K,diesel,1.634,1.634,85.0
2026-07-07,Circle K,diesel_plus,1.764,1.764,85.0
2026-07-07,Neste,petrol_95,1.687,1.687,70.0
2026-07-07,Neste,petrol_98,1.757,1.757,70.0
2026-07-07,Neste,diesel,1.617,1.617,70.0
2026-07-07,Neste,diesel_plus,1.747,1.747,70.0
2026-07-07,Virši,petrol_95,1.747,1.747,1.0
2026-07-07,Virši,petrol_98,1.817,1.817,1.0
2026-07-07,Virši,diesel,1.657,1.657,1.0
2026-07-07,VIADA,petrol_95,1.617,1.617,11.0
2026-07-07,VIADA,petrol_98,1.722,1.722,11.0
2026-07-07,VIADA,diesel,1.624,1.624,11.0
2026-07-07,VIADA,cng,0.795,0.795,11.0
2026-07-08,Circle K,petrol_95,1.664,1.664,85.0
2026-07-08,Circle K,petrol_98,1.734,1.734,85.0
2026-07-08,Circle K,diesel,1.584,1.584,85.0
2026-07-08,Circle K,diesel_plus,1.714,1.714,85.0
2026-07-08,Neste,petrol_95,1.647,1.647,70.0
2026-07-08,Neste,petrol_98,1.697,1.697,70.0
2026-07-08,Neste,diesel,1.567,1.567,70.0
2026-07-08,Neste,diesel_plus,1.697,1.697,70.0
2026-07-08,Virši,petrol_95,1.664,1.664,1.0
2026-07-08,Virši,petrol_98,1.714,1.714,1.0
2026-07-08,Virši,diesel,1.584,1.584,1.0
2026-07-08,VIADA,petrol_95,1.617,1.617,11.0
2026-07-08,VIADA,petrol_98,1.722,1.722,11.0
2026-07-08,VIADA,diesel,1.634,1.634,11.0
2026-07-08,VIADA,cng,0.795,0.795,11.0
2026-07-09,Circle K,petrol_95,1.774,1.774,85.0
2026-07-09,Circle K,petrol_98,1.844,1.844,85.0
2026-07-09,Circle K,diesel,1.714,1.714,85.0
2026-07-09,Circle K,diesel_plus,1.844,1.844,85.0
2026-07-09,Neste,petrol_95,1.757,1.757,70.0
2026-07-09,Neste,petrol_98,1.827,1.827,70.0
2026-07-09,Neste,diesel,1.697,1.697,70.0
2026-07-09,Neste,diesel_plus,1.827,1.827,70.0
2026-07-09,Virši,petrol_95,1.664,1.664,1.0
2026-07-09,Virši,petrol_98,1.714,1.714,1.0
2026-07-09,Virši,diesel,1.584,1.584,1.0
2026-07-09,VIADA,petrol_95,1.617,1.617,11.0
2026-07-09,VIADA,petrol_98,1.722,1.722,11.0
2026-07-09,VIADA,diesel,1.634,1.634,11.0
2026-07-09,VIADA,cng,0.795,0.795,11.0
2026-07-10,Circle K,petrol_95,1.744,1.744,85.0
2026-07-10,Circle K,petrol_98,1.814,1.814,85.0
2026-07-10,Circle K,diesel,1.684,1.684,85.0
2026-07-10,Circle K,diesel_plus,1.814,1.814,85.0
2026-07-10,Neste,petrol_95,1.727,1.727,70.0
2026-07-10,Neste,petrol_98,1.797,1.797,70.0
2026-07-10,Neste,diesel,1.667,1.667,70.0
2026-07-10,Neste,diesel_plus,1.797,1.797,70.0
2026-07-10,Virši,petrol_95,1.664,1.664,1.0
2026-07-10,Virši,petrol_98,1.714,1.714,1.0
2026-07-10,Virši,diesel,1.584,1.584,1.0
2026-07-10,VIADA,petrol_95,1.647,1.647,11.0
2026-07-10,VIADA,petrol_98,1.752,1.752,11.0
2026-07-10,VIADA,diesel,1.674,1.674,11.0
2026-07-10,VIADA,cng,0.795,0.795,11.0
2026-07-11,Circle K,petrol_95,1.744,1.744,85.0
2026-07-11,Circle K,petrol_98,1.814,1.814,85.0
2026-07-11,Circle K,diesel,1.684,1.684,85.0
2026-07-11,Circle K,diesel_plus,1.814,1.814,85.0
2026-07-11,Neste,petrol_95,1.717,1.717,70.0
2026-07-11,Neste,petrol_98,1.787,1.787,70.0
2026-07-11,Neste,diesel,1.647,1.647,70.0
2026-07-11,Neste,diesel_plus,1.777,1.777,70.0
2026-07-11,Virši,petrol_95,1.664,1.664,1.0
2026-07-11,Virši,petrol_98,1.714,1.714,1.0
2026-07-11,Virši,diesel,1.584,1.584,1.0
2026-07-11,VIADA,petrol_95,1.647,1.647,11.0
2026-07-11,VIADA,petrol_98,1.752,1.752,11.0
2026-07-11,VIADA,diesel,1.674,1.674,11.0
2026-07-11,VIADA,cng,0.795,0.795,11.0
2026-07-12,Circle K,petrol_95,1.744,1.744,85.0
2026-07-12,Circle K,petrol_98,1.814,1.814,85.0
2026-07-12,Circle K,diesel,1.684,1.684,85.0
2026-07-12,Circle K,diesel_plus,1.814,1.814,85.0
2026-07-12,Neste,petrol_95,1.717,1.717,70.0
2026-07-12,Neste,petrol_98,1.787,1.787,70.0
2026-07-12,Neste,diesel,1.647,1.647,70.0
2026-07-12,Neste,diesel_plus,1.777,1.777,70.0
2026-07-12,Virši,petrol_95,1.664,1.664,1.0
2026-07-12,Virši,petrol_98,1.714,1.714,1.0
2026-07-12,Virši,diesel,1.584,1.584,1.0
2026-07-12,VIADA,petrol_95,1.647,1.647,11.0
2026-07-12,VIADA,petrol_98,1.752,1.752,11.0
2026-07-12,VIADA,diesel,1.674,1.674,11.0
2026-07-12,VIADA,cng,0.795,0.795,11.0
2026-07-13,Circle K,petrol_95,1.764,1.764,85.0
2026-07-13,Circle K,petrol_98,1.834,1.834,85.0
2026-07-13,Circle K,diesel,1.694,1.694,85.0
2026-07-13,Circle K,diesel_plus,1.824,1.824,85.0
2026-07-13,Neste,petrol_95,1.787,1.787,70.0
2026-07-13,Neste,petrol_98,1.857,1.857,70.0
2026-07-13,Neste,diesel,1.727,1.727,70.0
2026-07-13,Neste,diesel_plus,1.857,1.857,70.0
2026-07-13,Virši,petrol_95,1.764,1.764,1.0
2026-07-13,Virši,petrol_98,1.784,1.784,1.0
2026-07-13,Virši,diesel,1.704,1.704,1.0
2026-07-13,VIADA,petrol_95,1.657,1.657,11.0
2026-07-13,VIADA,petrol_98,1.762,1.762,11.0
2026-07-13,VIADA,diesel,1.674,1.674,11.0
2026-07-13,VIADA,cng,0.795,0.795,11.0
2026-07-14,Circle K,petrol_95,1.834,1.834,85.0
2026-07-14,Circle K,petrol_98,1.904,1.904,85.0
2026-07-14,Circle K,diesel,1.774,1.774,85.0
2026-07-14,Circle K,diesel_plus,1.904,1.904,85.0
2026-07-14,Neste,petrol_95,1.747,1.747,70.0
2026-07-14,Neste,petrol_98,1.817,1.817,70.0
2026-07-14,Neste,diesel,1.677,1.677,70.0
2026-07-14,Neste,diesel_plus,1.807,1.807,70.0
2026-07-14,Virši,petrol_95,1.817,1.817,1.0
2026-07-14,Virši,petrol_98,1.887,1.887,1.0
2026-07-14,Virši,diesel,1.767,1.767,1.0
2026-07-14,VIADA,petrol_95,1.657,1.657,11.0
2026-07-14,VIADA,petrol_98,1.762,1.762,11.0
2026-07-14,VIADA,diesel,1.704,1.704,11.0
2026-07-14,VIADA,cng,0.795,0.795,11.0
2026-07-15,Circle K,petrol_95,1.774,1.774,85.0
2026-07-15,Circle K,petrol_98,1.844,1.844,85.0
2026-07-15,Circle K,diesel,1.724,1.724,85.0
2026-07-15,Circle K,diesel_plus,1.854,1.854,85.0
2026-07-15,Neste,petrol_95,1.757,1.757,70.0
2026-07-15,Neste,petrol_98,1.827,1.827,70.0
2026-07-15,Neste,diesel,1.707,1.707,70.0
2026-07-15,Neste,diesel_plus,1.837,1.837,70.0
2026-07-15,Virši,petrol_95,1.837,1.837,1.0
2026-07-15,Virši,petrol_98,1.907,1.907,1.0
2026-07-15,Virši,diesel,1.787,1.787,1.0
2026-07-15,VIADA,petrol_95,1.657,1.657,11.0
2026-07-15,VIADA,petrol_98,1.762,1.762,11.0
2026-07-15,VIADA,diesel,1.734,1.734,11.0
2026-07-15,VIADA,cng,0.795,0.795,11.0
2026-07-16,Circle K,petrol_95,1.694,1.694,85.0
2026-07-16,Circle K,petrol_98,1.764,1.764,85.0
2026-07-16,Circle K,diesel,1.674,1.674,85.0
2026-07-16,Circle K,diesel_plus,1.804,1.804,85.0
2026-07-16,Neste,petrol_95,1.677,1.677,70.0
2026-07-16,Neste,petrol_98,1.737,1.737,70.0
2026-07-16,Neste,diesel,1.657,1.657,70.0
2026-07-16,Neste,diesel_plus,1.777,1.777,70.0
2026-07-16,Virši,petrol_95,1.694,1.694,101.0
2026-07-16,Virši,petrol_98,1.764,1.764,101.0
2026-07-16,Virši,diesel,1.674,1.674,101.0
2026-07-16,VIADA,petrol_95,1.657,1.657,11.0
2026-07-16,VIADA,petrol_98,1.762,1.762,11.0
2026-07-16,VIADA,diesel,1.734,1.734,11.0
2026-07-16,VIADA,cng,0.795,0.795,11.0
2026-07-17,Circle K,petrol_95,1.844,1.844,85.0
2026-07-17,Circle K,petrol_98,1.914,1.914,85.0
2026-07-17,Circle K,diesel,1.824,1.824,85.0
2026-07-17,Circle K,diesel_plus,1.954,1.954,85.0
2026-07-17,Neste,petrol_95,1.797,1.797,70.0
2026-07-17,Neste,petrol_98,1.867,1.867,70.0
2026-07-17,Neste,diesel,1.787,1.787,70.0
2026-07-17,Neste,diesel_plus,1.917,1.917,70.0
2026-07-17,Virši,petrol_95,1.797,1.797,1.0
2026-07-17,Virši,petrol_98,1.867,1.867,1.0
2026-07-17,Virši,diesel,1.787,1.787,1.0
2026-07-17,VIADA,petrol_95,1.687,1.687,11.0
2026-07-17,VIADA,petrol_98,1.792,1.792,11.0
2026-07-17,VIADA,diesel,1.774,1.774,11.0
2026-07-17,VIADA,cng,0.795,0.795,11.0
2026-07-18,Circle K,petrol_95,1.784,1.784,85.0
2026-07-18,Circle K,petrol_98,1.854,1.854,85.0
2026-07-18,Circle K,diesel,1.774,1.774,85.0
2026-07-18,Circle K,diesel_plus,1.904,1.904,85.0
2026-07-18,Neste,petrol_95,1.757,1.757,70.0
2026-07-18,Neste,petrol_98,1.827,1.827,70.0
2026-07-18,Neste,diesel,1.747,1.747,70.0
2026-07-18,Neste,diesel_plus,1.877,1.877,70.0
2026-07-18,Virši,petrol_95,1.797,1.797,1.0
2026-07-18,Virši,petrol_98,1.867,1.867,1.0
2026-07-18,Virši,diesel,1.787,1.787,1.0
2026-07-18,VIADA,petrol_95,1.687,1.687,11.0
2026-07-18,VIADA,petrol_98,1.792,1.792,11.0
2026-07-18,VIADA,diesel,1.774,1.774,11.0
2026-07-18,VIADA,cng,0.795,0.795,11.0
2026-07-19,Circle K,petrol_95,1.784,1.784,85.0
2026-07-19,Circle K,petrol_98,1.854,1.854,85.0
2026-07-19,Circle K,diesel,1.774,1.774,85.0
2026-07-19,Circle K,diesel_plus,1.904,1.904,85.0
2026-07-19,Neste,petrol_95,1.757,1.757,70.0
2026-07-19,Neste,petrol_98,1.827,1.827,70.0
2026-07-19,Neste,diesel,1.747,1.747,70.0
2026-07-19,Neste,diesel_plus,1.877,1.877,70.0
2026-07-19,Virši,petrol_95,1.797,1.797,1.0
2026-07-19,Virši,petrol_98,1.867,1.867,1.0
2026-07-19,Virši,diesel,1.787,1.787,1.0
2026-07-19,VIADA,petrol_95,1.687,1.687,11.0
2026-07-19,VIADA,petrol_98,1.792,1.792,11.0
2026-07-19,VIADA,diesel,1.774,1.774,11.0
2026-07-19,VIADA,cng,0.795,0.795,11.0
2026-07-20,Circle K,petrol_95,1.844,1.844,85.0
2026-07-20,Circle K,petrol_98,1.914,1.914,85.0
2026-07-20,Circle K,diesel,1.844,1.844,85.0
2026-07-20,Circle K,diesel_plus,1.974,1.974,85.0
2026-07-20,Neste,petrol_95,1.827,1.827,70.0
2026-07-20,Neste,petrol_98,1.897,1.897,70.0
2026-07-20,Neste,diesel,1.827,1.827,70.0
2026-07-20,Neste,diesel_plus,1.957,1.957,70.0
2026-07-20,Virši,petrol_95,1.797,1.797,1.0
2026-07-20,Virši,petrol_98,1.867,1.867,1.0
2026-07-20,Virši,diesel,1.787,1.787,1.0
2026-07-20,VIADA,petrol_95,1.687,1.687,11.0
2026-07-20,VIADA,petrol_98,1.792,1.792,11.0
2026-07-20,VIADA,diesel,1.774,1.774,11.0
2026-07-20,VIADA,cng,0.795,0.795,11.0
2026-07-21,Circle K,petrol_95,1.884,1.884,85.0
2026-07-21,Circle K,petrol_98,1.954,1.954,85.0
2026-07-21,Circle K,diesel,1.894,1.894,85.0
2026-07-21,Circle K,diesel_plus,2.024,2.024,85.0
2026-07-21,Neste,petrol_95,1.817,1.817,70.0
2026-07-21,Neste,petrol_98,1.887,1.887,70.0
2026-07-21,Neste,diesel,1.847,1.847,70.0
2026-07-21,Neste,diesel_plus,1.977,1.977,70.0
2026-07-21,Virši,petrol_95,1.877,1.877,1.0
2026-07-21,Virši,petrol_98,1.947,1.947,1.0
2026-07-21,Virši,diesel,1.877,1.877,1.0
2026-07-21,VIADA,petrol_95,1.687,1.687,11.0
2026-07-21,VIADA,petrol_98,1.792,1.792,11.0
2026-07-21,VIADA,diesel,1.814,1.814,11.0
2026-07-21,VIADA,cng,0.795,0.795,11.0
2026-07-22,Circle K,petrol_95,1.884,1.884,85.0
2026-07-22,Circle K,petrol_98,1.954,1.954,85.0
2026-07-22,Circle K,diesel,1.934,1.934,85.0
2026-07-22,Circle K,diesel_plus,2.064,2.064,85.0
2026-07-22,Neste,petrol_95,1.837,1.837,70.0
2026-07-22,Neste,petrol_98,1.907,1.907,70.0
2026-07-22,Neste,diesel,1.897,1.897,70.0
2026-07-22,Neste,diesel_plus,1.997,1.997,70.0
2026-07-22,Virši,petrol_95,1.877,1.877,1.0
2026-07-22,Virši,petrol_98,1.947,1.947,1.0
2026-07-22,Virši,diesel,1.907,1.907,1.0
2026-07-22,VIADA,petrol_95,1.727,1.727,11.0
2026-07-22,VIADA,petrol_98,1.832,1.832,11.0
2026-07-22,VIADA,diesel,1.854,1.854,11.0
2026-07-22,VIADA,cng,0.795,0.795,11.0
2026-07-23,Circle K,petrol_95,1.744,1.744,85.0
2026-07-23,Circle K,petrol_98,1.814,1.814,85.0
2026-07-23,Circle K,diesel,1.794,1.794,85.0
2026-07-23,Circle K,diesel_plus,1.924,1.924,85.0
2026-07-23,Neste,petrol_95,1.727,1.727,70.0
2026-07-23,Neste,petrol_98,1.777,1.777,70.0
2026-07-23,Neste,diesel,1.777,1.777,70.0
2026-07-23,Neste,diesel_plus,1.897,1.897,70.0
2026-07-23,Virši,petrol_95,1.744,1.744,1.0
2026-07-23,Virši,petrol_98,1.814,1.814,1.0
2026-07-23,Virši,diesel,1.794,1.794,1.0
2026-07-23,VIADA,petrol_95,1.727,1.727,11.0
2026-07-23,VIADA,petrol_98,1.832,1.832,11.0
2026-07-23,VIADA,diesel,1.874,1.874,11.0
2026-07-23,VIADA,cng,0.795,0.795,11.0
2026-07-24,Circle K,petrol_95,1.894,1.894,85.0
2026-07-24,Circle K,petrol_98,1.964,1.964,85.0
2026-07-24,Circle K,diesel,1.944,1.944,85.0
2026-07-24,Circle K,diesel_plus,2.074,2.074,85.0
2026-07-24,Neste,petrol_95,1.847,1.847,70.0
2026-07-24,Neste,petrol_98,1.917,1.917,70.0
2026-07-24,Neste,diesel,1.897,1.897,70.0
2026-07-24,Neste,diesel_plus,2.027,2.027,70.0
2026-07-24,Virši,petrol_95,1.877,1.877,1.0
2026-07-24,Virši,petrol_98,1.947,1.947,1.0
2026-07-24,Virši,diesel,1.927,1.927,1.0
2026-07-24,VIADA,petrol_95,1.727,1.727,11.0
2026-07-24,VIADA,petrol_98,1.832,1.832,11.0
2026-07-24,VIADA,diesel,1.904,1.904,11.0
2026-07-24,VIADA,cng,0.795,0.795,11.0
2026-07-25,Circle K,petrol_95,1.864,1.864,85.0
2026-07-25,Circle K,petrol_98,1.934,1.934,85.0
2026-07-25,Circle K,diesel,1.914,1.914,85.0
2026-07-25,Circle K,diesel_plus,2.044,2.044,85.0
2026-07-25,Neste,petrol_95,1.847,1.847,70.0
2026-07-25,Neste,petrol_98,1.917,1.917,70.0
2026-07-25,Neste,diesel,1.897,1.897,70.0
2026-07-25,Neste,diesel_plus,2.027,2.027,70.0
2026-07-25,Virši,petrol_95,1.877,1.877,1.0
2026-07-25,Virši,petrol_98,1.947,1.947,1.0
2026-07-25,Virši,diesel,1.927,1.927,1.0
2026-07-25,VIADA,petrol_95,1.747,1.747,11.0
2026-07-25,VIADA,petrol_98,1.852,1.852,11.0
2026-07-25,VIADA,diesel,1.904,1.904,11.0
2026-07-25,VIADA,cng,0.795,0.795,11.0
2026-07-26,Circle K,petrol_95,1.864,1.864,85.0
2026-07-26,Circle K,petrol_98,1.934,1.934,85.0
2026-07-26,Circle K,diesel,1.914,1.914,85.0
2026-07-26,Circle K,diesel_plus,2.044,2.044,85.0
2026-07-26,Neste,petrol_95,1.847,1.847,70.0
2026-07-26,Neste,petrol_98,1.917,1.917,70.0
2026-07-26,Neste,diesel,1.897,1.897,70.0
2026-07-26,Neste,diesel_plus,2.027,2.027,70.0
2026-07-26,Virši,petrol_95,1.877,1.877,1.0
2026-07-26,Virši,petrol_98,1.947,1.947,1.0
2026-07-26,Virši,diesel,1.927,1.927,1.0
2026-07-26,VIADA,petrol_95,1.747,1.747,11.0
2026-07-26,VIADA,petrol_98,1.852,1.852,11.0
2026-07-26,VIADA,diesel,1.904,1.904,11.0
2026-07-26,VIADA,cng,0.795,0.795,11.0
2026-07-27,Circle K,petrol_95,1.894,1.894,85.0
2026-07-27,Circle K,petrol_98,1.964,1.964,85.0
2026-07-27,Circle K,diesel,1.954,1.954,85.0
2026-07-27,Circle K,diesel_plus,2.084,2.084,85.0
2026-07-27,Neste,petrol_95,1.837,1.837,70.0
2026-07-27,Neste,petrol_98,1.907,1.907,70.0
2026-07-27,Neste,diesel,1.897,1.897,70.0
2026-07-27,Neste,diesel_plus,2.027,2.027,70.0
2026-07-27,Virši,petrol_95,1.877,1.877,1.0
2026-07-27,Virši,petrol_98,1.947,1.947,1.0
2026-07-27,Virši,diesel,1.937,1.937,1.0
2026-07-27,VIADA,petrol_95,1.747,1.747,11.0
2026-07-27,VIADA,petrol_98,1.852,1.852,11.0
2026-07-27,VIADA,diesel,1.904,1.904,11.0
2026-07-27,VIADA,cng,0.795,0.795,11.0
2026-07-28,Circle K,petrol_95,1.844,1.844,85.0
2026-07-28,Circle K,petrol_98,1.914,1.914,85.0
2026-07-28,Circle K,diesel,1.904,1.904,85.0
2026-07-28,Circle K,diesel_plus,2.034,2.034,85.0
2026-07-28,Neste,petrol_95,1.827,1.827,70.0
2026-07-28,Neste,petrol_98,1.897,1.897,70.0
2026-07-28,Neste,diesel,1.887,1.887,70.0
2026-07-28,Neste,diesel_plus,2.017,2.017,70.0
2026-07-28,Virši,petrol_95,1.877,1.877,1.0
2026-07-28,Virši,petrol_98,1.947,1.947,1.0
2026-07-28,Virši,diesel,1.937,1.937,1.0
2026-07-28,VIADA,petrol_95,1.747,1.747,11.0
2026-07-28,VIADA,petrol_98,1.852,1.852,11.0
2026-07-28,VIADA,diesel,1.904,1.904,11.0
2026-07-28,VIADA,cng,0.795,0.795,11.0
2026-07-29,Circle K,petrol_95,1.774,1.774,85.0
2026-07-29,Circle K,petrol_98,1.844,1.844,85.0
2026-07-29,Circle K,diesel,1.834,1.834,85.0
2026-07-29,Circle K,diesel_plus,1.964,1.964,85.0
2026-07-29,Neste,petrol_95,1.757,1.757,70.0
2026-07-29,Neste,petrol_98,1.817,1.817,70.0
2026-07-29,Neste,diesel,1.817,1.817,70.0
2026-07-29,Neste,diesel_plus,1.917,1.917,70.0
2026-07-29,Virši,petrol_95,1.774,1.774,1.0
2026-07-29,Virši,petrol_98,1.844,1.844,1.0
2026-07-29,Virši,diesel,1.834,1.834,1.0
2026-07-29,VIADA,petrol_95,1.747,1.747,11.0
2026-07-29,VIADA,petrol_98,1.852,1.852,11.0
2026-07-29,VIADA,diesel,1.824,1.824,11.0
2026-07-29,VIADA,cng,0.795,0.795,11.0
2026-07-30,Circle K,petrol_95,1.864,1.864,85.0
2026-07-30,Circle K,petrol_98,1.934,1.934,85.0
2026-07-30,Circle K,diesel,1.944,1.944,85.0
2026-07-30,Circle K,diesel_plus,2.074,2.074,85.0
2026-07-30,Neste,petrol_95,1.847,1.847,70.0
2026-07-30,Neste,petrol_98,1.917,1.917,70.0
2026-07-30,Neste,diesel,1.927,1.927,70.0
2026-07-30,Neste,diesel_plus,2.057,2.057,70.0
2026-07-30,Virši,petrol_95,1.774,1.774,1.0
2026-07-30,Virši,petrol_98,1.844,1.844,1.0
2026-07-30,Virši,diesel,1.834,1.834,1.0
2026-07-30,VIADA,petrol_95,1.747,1.747,11.0
2026-07-30,VIADA,petrol_98,1.852,1.852,11.0
2026-07-30,VIADA,diesel,1.824,1.824,11.0
2026-07-30,VIADA,cng,0.795,0.795,11.0
2026-07-31,Circle K,petrol_95,1.884,1.884,85.0
2026-07-31,Circle K,petrol_98,1.954,1.954,85.0
2026-07-31,Circle K,diesel,1.914,1.914,85.0
2026-07-31,Circle K,diesel_plus,2.044,2.044,85.0
2026-07-31,Neste,petrol_95,1.867,1.867,70.0
2026-07-31,Neste,petrol_98,1.937,1.937,70.0
2026-07-31,Neste,diesel,1.897,1.897,70.0
2026-07-31,Neste,diesel_plus,2.027,2.027,70.0
2026-07-31,Virši,petrol_95,1.884,1.884,101.0
2026-07-31,Virši,petrol_98,1.954,1.954,101.0
2026-07-31,Virši,diesel,1.954,1.954,101.0
2026-07-31,VIADA,petrol_95,1.747,1.747,11.0
2026-07-31,VIADA,petrol_98,1.852,1.852,11.0
2026-07-31,VIADA,diesel,1.934,1.934,11.0
2026-07-31,VIADA,cng,0.795,0.795,11.0
2026-08-01,Circle K,petrol_95,1.884,1.884,85.0
2026-08-01,Circle K,petrol_98,1.954,1.954,85.0
2026-08-01,Circle K,diesel,1.914,1.914,85.0
2026-08-01,Circle K,diesel_plus,2.044,2.044,85.0
2026-08-01,Neste,petrol_95,1.837,1.837,70.0
2026-08-01,Neste,petrol_98,1.907,1.907,70.0
2026-08-01,Neste,diesel,1.877,1.877,70.0
2026-08-01,Neste,diesel_plus,1.997,1.997,70.0
2026-08-01,Virši,petrol_95,1.884,1.884,101.0
2026-08-01,Virši,petrol_98,1.954,1.954,101.0
2026-08-01,Virši,diesel,1.954,1.954,101.0
2026-08-01,VIADA,petrol_95,1.747,1.747,11.0
2026-08-01,VIADA,petrol_98,1.852,1.852,11.0
2026-08-01,VIADA,diesel,1.934,1.934,11.0
2026-08-01,VIADA,cng,0.795,0.795,11.0
2026-08-02,Circle K,petrol_95,1.884,1.884,85.0
2026-08-02,Circle K,petrol_98,1.954,1.954,85.0
2026-08-02,Circle K,diesel,1.914,1.914,85.0
2026-08-02,Circle K,diesel_plus,2.044,2.044,85.0
2026-08-02,Neste,petrol_95,1.837,1.837,70.0
2026-08-02,Neste,petrol_98,1.907,1.907,70.0
2026-08-02,Neste,diesel,1.877,1.877,70.0
2026-08-02,Neste,diesel_plus,1.997,1.997,70.0
2026-08-02,Virši,petrol_95,1.884,1.884,101.0
2026-08-02,Virši,petrol_98,1.954,1.954,101.0
2026-08-02,Virši,diesel,1.954,1.954,101.0
2026-08-02,VIADA,petrol_95,1.747,1.747,11.0
2026-08-02,VIADA,petrol_98,1.852,1.852,11.0
2026-08-02,VIADA,diesel,1.934,1.934,11.0
2026-08-02,VIADA,cng,0.795,0.795,11.0
2026-08-03,Circle K,petrol_95,1.894,1.894,85.0
2026-08-03,Circle K,petrol_98,1.964,1.964,85.0
2026-08-03,Circle K,diesel,1.994,1.994,85.0
2026-08-03,Circle K,diesel_plus,2.124,2.124,85.0
2026-08-03,Neste,petrol_95,1.847,1.847,70.0
2026-08-03,Neste,petrol_98,1.917,1.917,70.0
2026-08-03,Neste,diesel,1.927,1.927,70.0
2026-08-03,Neste,diesel_plus,2.057,2.057,70.0
2026-08-03,Virši,petrol_95,1.894,1.894,101.0
2026-08-03,Virši,petrol_98,1.964,1.964,101.0
2026-08-03,Virši,diesel,1.977,1.977,101.0
2026-08-03,VIADA,petrol_95,1.747,1.747,11.0
2026-08-03,VIADA,petrol_98,1.852,1.852,11.0
2026-08-03,VIADA,diesel,1.934,1.934,11.0
2026-08-03,VIADA,cng,0.795,0.795,11.0
2026-08-04,Circle K,petrol_95,1.864,1.864,85.0
2026-08-04,Circle K,petrol_98,1.934,1.934,85.0
2026-08-04,Circle K,diesel,1.944,1.944,85.0
2026-08-04,Circle K,diesel_plus,2.074,2.074,85.0
2026-08-04,Neste,petrol_95,1.847,1.847,70.0
2026-08-04,Neste,petrol_98,1.917,1.917,70.0
2026-08-04,Neste,diesel,1.927,1.927,70.0
2026-08-04,Neste,diesel_plus,2.057,2.057,70.0
2026-08-04,Virši,petrol_95,1.894,1.894,101.0
2026-08-04,Virši,petrol_98,1.964,1.964,101.0
2026-08-04,Virši,diesel,1.977,1.977,101.0
2026-08-04,VIADA,petrol_95,1.747,1.747,11.0
2026-08-04,VIADA,petrol_98,1.852,1.852,11.0
2026-08-04,VIADA,diesel,1.954,1.954,11.0
2026-08-04,VIADA,cng,0.795,0.795,11.0
2026-08-05,Circle K,petrol_95,1.754,1.754,85.0
2026-08-05,Circle K,petrol_98,1.824,1.824,85.0
2026-08-05,Circle K,diesel,1.834,1.834,85.0
2026-08-05,Circle K,diesel_plus,1.964,1.964,85.0
2026-08-05,Neste,petrol_95,1.737,1.737,70.0
2026-08-05,Neste,petrol_98,1.797,1.797,70.0
2026-08-05,Neste,diesel,1.817,1.817,70.0
2026-08-05,Neste,diesel_plus,1.917,1.917,70.0
2026-08-05,Virši,petrol_95,1.754,1.754,101.0
2026-08-05,Virši,petrol_98,1.824,1.824,101.0
2026-08-05,Virši,diesel,1.834,1.834,101.0
2026-08-05,VIADA,petrol_95,1.747,1.747,11.0
2026-08-05,VIADA,petrol_98,1.852,1.852,11.0
2026-08-05,VIADA,diesel,1.954,1.954,11.0
2026-08-05,VIADA,cng,0.795,0.795,11.0
2026-08-06,Circle K,petrol_95,1.894,1.894,85.0
2026-08-06,Circle K,petrol_98,1.964,1.964,85.0
2026-08-06,Circle K,diesel,1.994,1.994,85.0
2026-08-06,Circle K,diesel_plus,2.124,2.124,85.0
2026-08-06,Neste,petrol_95,1.837,1.837,70.0
2026-08-06,Neste,petrol_98,1.907,1.907,70.0
2026-08-06,Neste,diesel,1.937,1.937,70.0
2026-08-06,Neste,diesel_plus,2.067,2.067,70.0
2026-08-06,Virši,petrol_95,1.854,1.854,101.0
2026-08-06,Virši,petrol_98,1.924,1.924,101.0
2026-08-06,Virši,diesel,1.954,1.954,101.0
2026-08-06,VIADA,petrol_95,1.747,1.747,11.0
2026-08-06,VIADA,petrol_98,1.852,1.852,11.0
2026-08-06,VIADA,diesel,1.954,1.954,11.0
2026-08-06,VIADA,cng,0.795,0.795,11.0
2026-08-07,Circle K,petrol_95,1.814,1.814,85.0
2026-08-07,Circle K,petrol_98,1.884,1.884,85.0
2026-08-07,Circle K,diesel,1.914,1.914,85.0
2026-08-07,Circle K,diesel_plus,2.044,2.044,85.0
2026-08-07,Neste,petrol_95,1.797,1.797,70.0
2026-08-07,Neste,petrol_98,1.867,1.867,70.0
2026-08-07,Neste,diesel,1.897,1.897,70.0
2026-08-07,Neste,diesel_plus,2.027,2.027,70.0
2026-08-07,Virši,petrol_95,1.854,1.854,101.0
2026-08-07,Virši,petrol_98,1.924,1.924,101.0
2026-08-07,Virši,diesel,1.954,1.954,101.0
2026-08-07,VIADA,petrol_95,1.747,1.747,11.0
2026-08-07,VIADA,petrol_98,1.852,1.852,11.0
2026-08-07,VIADA,diesel,1.914,1.914,11.0
2026-08-07,VIADA,cng,0.795,0.795,11.0
2026-08-08,Circle K,petrol_95,1.814,1.814,85.0
2026-08-08,Circle K,petrol_98,1.884,1.884,85.0
2026-08-08,Circle K,diesel,1.914,1.914,85.0
2026-08-08,Circle K,diesel_plus,2.044,2.044,85.0
2026-08-08,Neste,petrol_95,1.777,1.777,70.0
2026-08-08,Neste,petrol_98,1.847,1.847,70.0
2026-08-08,Neste,diesel,1.877,1.877,70.0
2026-08-08,Neste,diesel_plus,2.197,2.197,70.0
2026-08-08,Virši,petrol_95,1.844,1.844,101.0
2026-08-08,Virši,petrol_98,1.914,1.914,101.0
2026-08-08,Virši,diesel,1.944,1.944,101.0
2026-08-08,VIADA,petrol_95,1.747,1.747,11.0
2026-08-08,VIADA,petrol_98,1.852,1.852,11.0
2026-08-08,VIADA,diesel,1.884,1.884,11.0
2026-08-08,VIADA,cng,0.795,0.795,11.0
2026-08-09,Circle K,petrol_95,1.794,1.794,85.0
2026-08-09,Circle K,petrol_98,1.864,1.864,85.0
2026-08-09,Circle K,diesel,1.894,1.894,85.0
2026-08-09,Circle K,diesel_plus,2.024,2.024,85.0
2026-08-09,Neste,petrol_95,1.777,1.777,70.0
2026-08-09,Neste,petrol_98,1.847,1.847,70.0
2026-08-09,Neste,diesel,1.877,1.877,70.0
2026-08-09,Neste,diesel_plus,2.197,2.197,70.0
2026-08-09,Virši,petrol_95,1.844,1.844,101.0
2026-08-09,Virši,petrol_98,1.914,1.914,101.0
2026-08-09,Virši,diesel,1.944,1.944,101.0
2026-08-09,VIADA,petrol_95,1.747,1.747,11.0
2026-08-09,VIADA,petrol_98,1.852,1.852,11.0
2026-08-09,VIADA,diesel,1.884,1.884,11.0
2026-08-09,VIADA,cng,0.795,0.795,11.0
2026-08-10,Circle K,petrol_95,1.794,1.794,85.0
2026-08-10,Circle K,petrol_98,1.864,1.864,85.0
2026-08-10,Circle K,diesel,1.894,1.894,85.0
2026-08-10,Circle K,diesel_plus,2.024,2.024,85.0
2026-08-10,Virši,petrol_95,1.814,1.814,101.0
2026-08-10,Virši,petrol_98,1.884,1.884,101.0
2026-08-10,Virši,diesel,1.914,1.914,101.0
2026-08-10,VIADA,petrol_95,1.747,1.747,11.0
2026-08-10,VIADA,petrol_98,1.852,1.852,11.0
2026-08-10,VIADA,diesel,1.884,1.884,11.0
2026-08-10,VIADA,cng,0.795,0.795,11.0
2026-08-11,Circle K,petrol_95,1.794,1.794,85.0
2026-08-11,Circle K,petrol_98,1.864,1.864,85.0
2026-08-11,Circle K,diesel,1.894,1.894,85.0
2026-08-11,Circle K,diesel_plus,2.024,2.024,85.0
2026-08-11,Virši,petrol_95,1.814,1.814,101.0
2026-08-11,Virši,petrol_98,1.884,1.884,101.0
2026-08-11,Virši,diesel,1.914,1.914,101.0
2026-08-11,VIADA,petrol_95,1.747,1.747,11.0
2026-08-11,VIADA,petrol_98,1.852,1.852,11.0
2026-08-11,VIADA,diesel,1.884,1.884,11.0
2026-08-11,VIADA,cng,0.795,0.795,11.0
2026-08-12,Circle K,petrol_95,1.794,1.794,85.0
2026-08-12,Circle K,petrol_98,1.864,1.864,85.0
2026-08-12,Circle K,diesel,1.894,1.894,85.0
2026-08-12,Circle K,diesel_plus,2.024,2.024,85.0
2026-08-12,Virši,petrol_95,1.744,1.744,101.0
2026-08-12,Virši,petrol_98,1.814,1.814,101.0
2026-08-12,Virši,diesel,1.814,1.814,101.0
2026-08-12,VIADA,petrol_95,1.747,1.747,11.0
2026-08-12,VIADA,petrol_98,1.852,1.852,11.0
2026-08-12,VIADA,diesel,1.884,1.884,11.0
2026-08-12,VIADA,cng,0.795,0.795,11.0
2026-08-13,Circle K,petrol_95,1.844,1.844,85.0
2026-08-13,Circle K,petrol_98,1.914,1.914,85.0
2026-08-13,Circle K,diesel,1.944,1.944,85.0
2026-08-13,Circle K,diesel_plus,2.074,2.074,85.0
2026-08-13,Virši,petrol_95,1.844,1.844,101.0
2026-08-13,Virši,petrol_98,1.914,1.914,101.0
2026-08-13,Virši,diesel,1.944,1.944,101.0
2026-08-13,VIADA,petrol_95,1.747,1.747,11.0
2026-08-13,VIADA,petrol_98,1.852,1.852,11.0
2026-08-13,VIADA,diesel,1.924,1.924,11.0
2026-08-13,VIADA,cng,0.795,0.795,11.0
2026-08-14,Circle K,petrol_95,1.844,1.844,85.0
2026-08-14,Circle K,petrol_98,1.914,1.914,85.0
2026-08-14,Circle K,diesel,1.944,1.944,85.0
2026-08-14,Circle K,diesel_plus,2.074,2.074,85.0
2026-08-14,Virši,petrol_95,1.844,1.844,101.0
2026-08-14,Virši,petrol_98,1.914,1.914,101.0
2026-08-14,Virši,diesel,1.944,1.944,101.0
2026-08-14,VIADA,petrol_95,1.747,1.747,11.0
2026-08-14,VIADA,petrol_98,1.852,1.852,11.0
2026-08-14,VIADA,diesel,1.924,1.924,11.0
2026-08-14,VIADA,cng,0.795,0.795,11.0
2026-08-15,Circle K,petrol_95,1.844,1.844,85.0
2026-08-15,Circle K,petrol_98,1.914,1.914,85.0
2026-08-15,Circle K,diesel,1.944,1.944,85.0
2026-08-15,Circle K,diesel_plus,2.074,2.074,85.0
2026-08-15,Virši,petrol_95,1.844,1.844,101.0
2026-08-15,Virši,petrol_98,1.914,1.914,101.0
2026-08-15,Virši,diesel,1.944,1.944,101.0
2026-08-15,VIADA,petrol_95,1.747,1.747,11.0
2026-08-15,VIADA,petrol_98,1.852,1.852,11.0
2026-08-15,VIADA,diesel,1.904,1.904,11.0
2026-08-15,VIADA,cng,0.795,0.795,11.0
2026-08-16,Circle K,petrol_95,1.844,1.844,85.0
2026-08-16,Circle K,petrol_98,1.914,1.914,85.0
2026-08-16,Circle K,diesel,1.944,1.944,85.0
2026-08-16,Circle K,diesel_plus,2.074,2.074,85.0
2026-08-16,Virši,petrol_95,1.844,1.844,101.0
2026-08-16,Virši,petrol_98,1.914,1.914,101.0
2026-08-16,Virši,diesel,1.944,1.944,101.0
2026-08-16,VIADA,petrol_95,1.747,1.747,11.0
2026-08-16,VIADA,petrol_98,1.852,1.852,11.0
2026-08-16,VIADA,diesel,1.904,1.904,11.0
2026-08-16,VIADA,cng,0.795,0.795,11.0
2026-08-17,Virši,petrol_95,1.844,1.844,101.0
2026-08-17,Virši,petrol_98,1.914,1.914,101.0
2026-08-17,Virši,diesel,1.944,1.944,101.0
2026-08-17,VIADA,petrol_95,1.747,1.747,11.0
2026-08-17,VIADA,petrol_98,1.852,1.852,11.0
2026-08-17,VIADA,diesel,1.904,1.904,11.0
2026-08-17,VIADA,cng,0.795,0.795,11.0
2026-08-18,Circle K,petrol_95,1.844,1.844,85.0
2026-08-18,Circle K,petrol_98,1.914,1.914,85.0
2026-08-18,Circle K,diesel,1.944,1.944,85.0
2026-08-18,Circle K,diesel_plus,2.074,2.074,85.0
2026-08-18,Virši,petrol_95,1.844,1.844,1.0
2026-08-18,Virši,petrol_98,1.914,1.914,1.0
2026-08-18,Virši,diesel,1.964,1.964,1.0
2026-08-18,VIADA,petrol_95,1.747,1.747,11.0
2026-08-18,VIADA,petrol_98,1.852,1.852,11.0
2026-08-18,VIADA,diesel,1.904,1.904,11.0
2026-08-18,VIADA,cng,0.795,0.795,11.0
2026-08-19,Circle K,petrol_95,1.714,1.714,85.0
2026-08-19,Circle K,petrol_98,1.784,1.784,85.0
2026-08-19,Circle K,diesel,1.814,1.814,85.0
2026-08-19,Circle K,diesel_plus,1.944,1.944,85.0
2026-08-19,Virši,petrol_95,1.844,1.844,1.0
2026-08-19,Virši,petrol_98,1.914,1.914,1.0
2026-08-19,Virši,diesel,1.964,1.964,1.0
2026-08-19,VIADA,petrol_95,1.747,1.747,11.0
2026-08-19,VIADA,petrol_98,1.852,1.852,11.0
2026-08-19,VIADA,diesel,1.924,1.924,11.0
2026-08-19,VIADA,cng,0.795,0.795,11.0
2026-08-20,Circle K,petrol_95,1.864,1.864,85.0
2026-08-20,Circle K,petrol_98,1.934,1.934,85.0
2026-08-20,Circle K,diesel,1.994,1.994,85.0
2026-08-20,Circle K,diesel_plus,2.124,2.124,85.0
2026-08-20,Virši,petrol_95,1.877,1.877,1.0
2026-08-20,Virši,petrol_98,1.947,1.947,1.0
2026-08-20,Virši,diesel,1.977,1.977,1.0
2026-08-20,VIADA,petrol_95,1.747,1.747,11.0
2026-08-20,VIADA,petrol_98,1.852,1.852,11.0
2026-08-20,VIADA,diesel,1.964,1.964,11.0
2026-08-20,VIADA,cng,0.795,0.795,11.0
